mol_id,homo_ev,lumo_ev,hl_gap_ev,homo_m1_ev,lumo_p1_ev,od_index,dft_dest_raw_ev,dft_dest_calibrated_ev,fosc_dft,homo_spacing,lumo_spacing,stda_s1_ev,stda_t1_ev,stda_dest_ev,stda_fosc
S1,,,,,,,,,,,,,,,
S2,,,,,,,,,,,,,,,
S3,,,,,,,,,,,,,,,
S4,,,,,,,,,,,,,,,
S5,,,,,,,,,,,,,,,
S6,,,,,,,,,,,,,,,
S7,,,,,,,,,,,,,,,
S8,,,,,,,,,,,,,,,
S9,,,,,,,,,,,,,,,
S10,,,,,,,,,,,,,,,
S11,,,,,,,,,,,,,,,
S12,,,,,,,,,,,,,,,
S13,,,,,,,,,,,,,,,
S14,,,,,,,,,,,,,,,
S15,,,,,,,,,,,,,,,
S16,,,,,,,,,,,,,,,
S17,,,,,,,,,,,,,,,
S18,,,,,,,,,,,,,,,
S19,,,,,,,,,,,,,,,
S20,,,,,,,,,,,,,,,
S21,,,,,,,,,,,,,,,
S22,,,,,,,,,,,,,,,
S23,,,,,,,,,,,,,,,
S24,,,,,,,,,,,,,,,
S25,,,,,,,,,,,,,,,
S26,,,,,,,,,,,,,,,
S27,,,,,,,,,,,,,,,
S28,,,,,,,,,,,,,,,
S29,,,,,,,,,,,,,,,
S30,,,,,,,,,,,,,,,
S31,,,,,,,,,,,,,,,
S32,,,,,,,,,,,,,,,
S33,,,,,,,,,,,,,,,
S34,,,,,,,,,,,,,,,
S35,,,,,,,,,,,,,,,
S36,,,,,,,,,,,,,,,
S37,,,,,,,,,,,,,,,
S38,,,,,,,,,,,,,,,
S39,,,,,,,,,,,,,,,
S40,,,,,,,,,,,,,,,
S41,,,,,,,,,,,,,,,
S42,,,,,,,,,,,,,,,
S43,,,,,,,,,,,,,,,
S44,,,,,,,,,,,,,,,
S45,,,,,,,,,,,,,,,
S46,,,,,,,,,,,,,,,
S47,,,,,,,,,,,,,,,
S48,,,,,,,,,,,,,,,
S49,,,,,,,,,,,,,,,
S50,,,,,,,,,,,,,,,
S51,,,,,,,,,,,,,,,
S52,,,,,,,,,,,,,,,
S53,,,,,,,,,,,,,,,
S54,,,,,,,,,,,,,,,
S55,,,,,,,,,,,,,,,
S56,,,,,,,,,,,,,,,
S57,,,,,,,,,,,,,,,
S58,,,,,,,,,,,,,,,
S59,,,,,,,,,,,,,,,
S60,,,,,,,,,,,,,,,
S61,,,,,,,,,,,,,,,
S62,,,,,,,,,,,,,,,
S63,,,,,,,,,,,,,,,
S64,,,,,,,,,,,,,,,
S65,,,,,,,,,,,,,,,
S66,,,,,,,,,,,,,,,
S67,,,,,,,,,,,,,,,
S68,,,,,,,,,,,,,,,
S69,,,,,,,,,,,,,,,
S70,,,,,,,,,,,,,,,
S71,,,,,,,,,,,,,,,
S72,,,,,,,,,,,,,,,
S73,,,,,,,,,,,,,,,
S74,,,,,,,,,,,,,,,
S75,,,,,,,,,,,,,,,
S76,,,,,,,,,,,,,,,
S77,,,,,,,,,,,,,,,
S78,,,,,,,,,,,,,,,
S79,,,,,,,,,,,,,,,
S80,,,,,,,,,,,,,,,
S81,,,,,,,,,,,,,,,
S82,,,,,,,,,,,,,,,
S83,,,,,,,,,,,,,,,
S84,,,,,,,,,,,,,,,
S85,,,,,,,,,,,,,,,
S86,,,,,,,,,,,,,,,
S87,,,,,,,,,,,,,,,
S88,,,,,,,,,,,,,,,
S89,,,,,,,,,,,,,,,
S90,,,,,,,,,,,,,,,
S91,,,,,,,,,,,,,,,
S92,,,,,,,,,,,,,,,
S93,,,,,,,,,,,,,,,
S94,,,,,,,,,,,,,,,
S95,,,,,,,,,,,,,,,
S96,,,,,,,,,,,,,,,
S97,,,,,,,,,,,,,,,
S98,,,,,,,,,,,,,,,
S99,,,,,,,,,,,,,,,
S100,,,,,,,,,,,,,,,
S101,,,,,,,,,,,,,,,
S102,,,,,,,,,,,,,,,
S103,,,,,,,,,,,,,,,
S104,,,,,,,,,,,,,,,
S105,,,,,,,,,,,,,,,
S106,,,,,,,,,,,,,,,
S107,,,,,,,,,,,,,,,
S108,,,,,,,,,,,,,,,
S109,,,,,,,,,,,,,,,
S110,,,,,,,,,,,,,,,
S111,,,,,,,,,,,,,,,
S112,,,,,,,,,,,,,,,
S113,,,,,,,,,,,,,,,
S114,,,,,,,,,,,,,,,
S115,,,,,,,,,,,,,,,
S116,,,,,,,,,,,,,,,
S117,,,,,,,,,,,,,,,
S118,,,,,,,,,,,,,,,
S119,,,,,,,,,,,,,,,
S120,,,,,,,,,,,,,,,
S121,,,,,,,,,,,,,,,
S122,,,,,,,,,,,,,,,
S123,,,,,,,,,,,,,,,
S124,,,,,,,,,,,,,,,
S125,,,,,,,,,,,,,,,
S126,,,,,,,,,,,,,,,
S127,,,,,,,,,,,,,,,
S128,,,,,,,,,,,,,,,
S129,,,,,,,,,,,,,,,
S130,,,,,,,,,,,,,,,
S131,,,,,,,,,,,,,,,
S132,,,,,,,,,,,,,,,
S133,,,,,,,,,,,,,,,
S134,,,,,,,,,,,,,,,
S135,,,,,,,,,,,,,,,
S136,,,,,,,,,,,,,,,
S137,,,,,,,,,,,,,,,
S138,,,,,,,,,,,,,,,
S139,,,,,,,,,,,,,,,
S140,,,,,,,,,,,,,,,
S141,,,,,,,,,,,,,,,
S142,,,,,,,,,,,,,,,
S143,,,,,,,,,,,,,,,
S144,,,,,,,,,,,,,,,
S145,,,,,,,,,,,,,,,
S146,,,,,,,,,,,,,,,
S147,,,,,,,,,,,,,,,
S148,,,,,,,,,,,,,,,
S149,,,,,,,,,,,,,,,
S150,,,,,,,,,,,,,,,
S151,,,,,,,,,,,,,,,
S152,,,,,,,,,,,,,,,
S153,,,,,,,,,,,,,,,
S154,,,,,,,,,,,,,,,
S155,,,,,,,,,,,,,,,
S156,,,,,,,,,,,,,,,
S157,,,,,,,,,,,,,,,
S158,,,,,,,,,,,,,,,
S159,,,,,,,,,,,,,,,
S160,,,,,,,,,,,,,,,
S161,,,,,,,,,,,,,,,
S162,,,,,,,,,,,,,,,
S163,,,,,,,,,,,,,,,
S164,,,,,,,,,,,,,,,
S165,,,,,,,,,,,,,,,
S166,,,,,,,,,,,,,,,
S167,,,,,,,,,,,,,,,
S168,,,,,,,,,,,,,,,
S169,,,,,,,,,,,,,,,
S170,,,,,,,,,,,,,,,
S171,,,,,,,,,,,,,,,
S172,,,,,,,,,,,,,,,
S173,,,,,,,,,,,,,,,
S174,,,,,,,,,,,,,,,
S175,,,,,,,,,,,,,,,
S176,,,,,,,,,,,,,,,
S177,,,,,,,,,,,,,,,
S178,,,,,,,,,,,,,,,
S179,,,,,,,,,,,,,,,
S180,,,,,,,,,,,,,,,
S181,,,,,,,,,,,,,,,
S182,,,,,,,,,,,,,,,
S183,,,,,,,,,,,,,,,
S184,,,,,,,,,,,,,,,
S185,,,,,,,,,,,,,,,
S186,,,,,,,,,,,,,,,
S187,,,,,,,,,,,,,,,
S188,,,,,,,,,,,,,,,
S189,,,,,,,,,,,,,,,
S190,,,,,,,,,,,,,,,
S191,,,,,,,,,,,,,,,
S192,,,,,,,,,,,,,,,
S193,,,,,,,,,,,,,,,
S194,,,,,,,,,,,,,,,
S195,,,,,,,,,,,,,,,
S196,,,,,,,,,,,,,,,
S197,,,,,,,,,,,,,,,
S198,,,,,,,,,,,,,,,
S199,,,,,,,,,,,,,,,
S200,,,,,,,,,,,,,,,
S201,,,,,,,,,,,,,,,
S202,,,,,,,,,,,,,,,
S203,,,,,,,,,,,,,,,
S204,,,,,,,,,,,,,,,
S205,,,,,,,,,,,,,,,
S206,,,,,,,,,,,,,,,
S207,,,,,,,,,,,,,,,
S208,,,,,,,,,,,,,,,
S209,,,,,,,,,,,,,,,
S210,,,,,,,,,,,,,,,
S211,,,,,,,,,,,,,,,
S212,,,,,,,,,,,,,,,
S213,,,,,,,,,,,,,,,
S214,,,,,,,,,,,,,,,
S215,,,,,,,,,,,,,,,
S216,,,,,,,,,,,,,,,
S217,,,,,,,,,,,,,,,
S218,,,,,,,,,,,,,,,
S219,,,,,,,,,,,,,,,
S220,,,,,,,,,,,,,,,
S221,,,,,,,,,,,,,,,
S222,,,,,,,,,,,,,,,
S223,,,,,,,,,,,,,,,
S224,,,,,,,,,,,,,,,
S225,,,,,,,,,,,,,,,
S226,,,,,,,,,,,,,,,
S227,,,,,,,,,,,,,,,
S228,,,,,,,,,,,,,,,
S229,,,,,,,,,,,,,,,
S230,,,,,,,,,,,,,,,
S231,,,,,,,,,,,,,,,
S232,,,,,,,,,,,,,,,
S233,,,,,,,,,,,,,,,
S234,,,,,,,,,,,,,,,
S235,,,,,,,,,,,,,,,
S236,,,,,,,,,,,,,,,
S237,,,,,,,,,,,,,,,
S238,,,,,,,,,,,,,,,
S239,,,,,,,,,,,,,,,
S240,,,,,,,,,,,,,,,
S241,,,,,,,,,,,,,,,
S242,,,,,,,,,,,,,,,
S243,,,,,,,,,,,,,,,
S244,,,,,,,,,,,,,,,
S245,,,,,,,,,,,,,,,
S246,,,,,,,,,,,,,,,
S247,,,,,,,,,,,,,,,
S248,,,,,,,,,,,,,,,
S249,,,,,,,,,,,,,,,
S250,,,,,,,,,,,,,,,
S251,,,,,,,,,,,,,,,
S252,,,,,,,,,,,,,,,
S253,,,,,,,,,,,,,,,
S254,,,,,,,,,,,,,,,
S255,,,,,,,,,,,,,,,
S256,,,,,,,,,,,,,,,
S257,,,,,,,,,,,,,,,
S258,,,,,,,,,,,,,,,
S259,,,,,,,,,,,,,,,
S260,,,,,,,,,,,,,,,
S261,,,,,,,,,,,,,,,
S262,,,,,,,,,,,,,,,
S263,,,,,,,,,,,,,,,
S264,,,,,,,,,,,,,,,
S265,,,,,,,,,,,,,,,
S266,,,,,,,,,,,,,,,
S267,,,,,,,,,,,,,,,
S268,,,,,,,,,,,,,,,
S269,,,,,,,,,,,,,,,
S270,,,,,,,,,,,,,,,
S271,,,,,,,,,,,,,,,
S272,,,,,,,,,,,,,,,
S273,,,,,,,,,,,,,,,
S274,,,,,,,,,,,,,,,
S275,,,,,,,,,,,,,,,
S276,,,,,,,,,,,,,,,
S277,,,,,,,,,,,,,,,
S278,,,,,,,,,,,,,,,
S279,,,,,,,,,,,,,,,
S280,,,,,,,,,,,,,,,
S281,,,,,,,,,,,,,,,
S282,,,,,,,,,,,,,,,
S283,,,,,,,,,,,,,,,
S284,,,,,,,,,,,,,,,
S285,,,,,,,,,,,,,,,
S286,,,,,,,,,,,,,,,
S287,,,,,,,,,,,,,,,
S288,,,,,,,,,,,,,,,
S289,,,,,,,,,,,,,,,
S290,,,,,,,,,,,,,,,
S291,,,,,,,,,,,,,,,
S292,,,,,,,,,,,,,,,
S293,,,,,,,,,,,,,,,
S294,,,,,,,,,,,,,,,
S295,,,,,,,,,,,,,,,
S296,,,,,,,,,,,,,,,
S297,,,,,,,,,,,,,,,
S298,,,,,,,,,,,,,,,
S299,,,,,,,,,,,,,,,
S300,,,,,,,,,,,,,,,
S301,,,,,,,,,,,,,,,
S302,,,,,,,,,,,,,,,
S303,,,,,,,,,,,,,,,
S304,,,,,,,,,,,,,,,
S305,,,,,,,,,,,,,,,
S306,,,,,,,,,,,,,,,
S307,,,,,,,,,,,,,,,
S308,,,,,,,,,,,,,,,
S309,,,,,,,,,,,,,,,
S310,,,,,,,,,,,,,,,
S311,,,,,,,,,,,,,,,
S312,,,,,,,,,,,,,,,
S313,,,,,,,,,,,,,,,
S314,,,,,,,,,,,,,,,
S315,,,,,,,,,,,,,,,
S316,,,,,,,,,,,,,,,
S317,,,,,,,,,,,,,,,
S318,,,,,,,,,,,,,,,
S319,,,,,,,,,,,,,,,
S320,,,,,,,,,,,,,,,
S321,,,,,,,,,,,,,,,
S322,,,,,,,,,,,,,,,
S323,,,,,,,,,,,,,,,
S324,,,,,,,,,,,,,,,
S325,,,,,,,,,,,,,,,
S326,,,,,,,,,,,,,,,
S327,,,,,,,,,,,,,,,
S328,,,,,,,,,,,,,,,
S329,,,,,,,,,,,,,,,
S330,,,,,,,,,,,,,,,
S331,,,,,,,,,,,,,,,
S332,,,,,,,,,,,,,,,
S333,,,,,,,,,,,,,,,
S334,,,,,,,,,,,,,,,
S335,,,,,,,,,,,,,,,
S336,,,,,,,,,,,,,,,
S337,,,,,,,,,,,,,,,
S338,,,,,,,,,,,,,,,
S339,,,,,,,,,,,,,,,
S340,,,,,,,,,,,,,,,
S341,,,,,,,,,,,,,,,
S342,,,,,,,,,,,,,,,
S343,,,,,,,,,,,,,,,
S344,,,,,,,,,,,,,,,
S345,,,,,,,,,,,,,,,
S346,,,,,,,,,,,,,,,
S347,,,,,,,,,,,,,,,
S348,,,,,,,,,,,,,,,
S349,,,,,,,,,,,,,,,
S350,,,,,,,,,,,,,,,
S351,,,,,,,,,,,,,,,
S352,,,,,,,,,,,,,,,
S353,,,,,,,,,,,,,,,
S354,,,,,,,,,,,,,,,
S355,,,,,,,,,,,,,,,
S356,,,,,,,,,,,,,,,
S357,,,,,,,,,,,,,,,
S358,,,,,,,,,,,,,,,
S359,,,,,,,,,,,,,,,
S360,,,,,,,,,,,,,,,
S361,,,,,,,,,,,,,,,
S362,,,,,,,,,,,,,,,
S363,,,,,,,,,,,,,,,
S364,,,,,,,,,,,,,,,
S365,,,,,,,,,,,,,,,
S366,,,,,,,,,,,,,,,
S367,,,,,,,,,,,,,,,
S368,,,,,,,,,,,,,,,
S369,,,,,,,,,,,,,,,
S370,,,,,,,,,,,,,,,
S371,,,,,,,,,,,,,,,
S372,,,,,,,,,,,,,,,
S373,,,,,,,,,,,,,,,
S374,,,,,,,,,,,,,,,
S375,,,,,,,,,,,,,,,
S376,,,,,,,,,,,,,,,
S377,,,,,,,,,,,,,,,
S378,,,,,,,,,,,,,,,
S379,,,,,,,,,,,,,,,
S380,,,,,,,,,,,,,,,
S381,,,,,,,,,,,,,,,
S382,,,,,,,,,,,,,,,
S383,,,,,,,,,,,,,,,
S384,,,,,,,,,,,,,,,
S385,,,,,,,,,,,,,,,
S386,,,,,,,,,,,,,,,
S387,,,,,,,,,,,,,,,
S388,,,,,,,,,,,,,,,
S389,,,,,,,,,,,,,,,
S390,,,,,,,,,,,,,,,
S391,,,,,,,,,,,,,,,
S392,,,,,,,,,,,,,,,
S393,,,,,,,,,,,,,,,
S394,,,,,,,,,,,,,,,
S395,,,,,,,,,,,,,,,
S396,,,,,,,,,,,,,,,
S397,,,,,,,,,,,,,,,
S398,,,,,,,,,,,,,,,
S399,,,,,,,,,,,,,,,
S400,,,,,,,,,,,,,,,
S401,,,,,,,,,,,,,,,
S402,,,,,,,,,,,,,,,
S403,,,,,,,,,,,,,,,
S404,,,,,,,,,,,,,,,
S405,,,,,,,,,,,,,,,
S406,,,,,,,,,,,,,,,
S407,,,,,,,,,,,,,,,
S408,,,,,,,,,,,,,,,
S409,,,,,,,,,,,,,,,
S410,,,,,,,,,,,,,,,
S411,,,,,,,,,,,,,,,
S412,,,,,,,,,,,,,,,
S413,,,,,,,,,,,,,,,
S414,,,,,,,,,,,,,,,
S415,,,,,,,,,,,,,,,
S416,,,,,,,,,,,,,,,
S417,,,,,,,,,,,,,,,
S418,,,,,,,,,,,,,,,
S419,,,,,,,,,,,,,,,
S420,,,,,,,,,,,,,,,
S421,,,,,,,,,,,,,,,
S422,,,,,,,,,,,,,,,
S423,,,,,,,,,,,,,,,
S424,,,,,,,,,,,,,,,
S425,,,,,,,,,,,,,,,
S426,,,,,,,,,,,,,,,
S427,,,,,,,,,,,,,,,
S428,,,,,,,,,,,,,,,
S429,,,,,,,,,,,,,,,
S430,,,,,,,,,,,,,,,
S431,,,,,,,,,,,,,,,
S432,,,,,,,,,,,,,,,
S433,,,,,,,,,,,,,,,
S434,,,,,,,,,,,,,,,
S435,,,,,,,,,,,,,,,
S436,,,,,,,,,,,,,,,
S437,,,,,,,,,,,,,,,
S438,,,,,,,,,,,,,,,
S439,,,,,,,,,,,,,,,
S440,,,,,,,,,,,,,,,
S441,,,,,,,,,,,,,,,
S442,,,,,,,,,,,,,,,
S443,,,,,,,,,,,,,,,
S444,,,,,,,,,,,,,,,
S445,,,,,,,,,,,,,,,
S446,,,,,,,,,,,,,,,
S447,,,,,,,,,,,,,,,
S448,,,,,,,,,,,,,,,
S449,,,,,,,,,,,,,,,
S450,,,,,,,,,,,,,,,
S451,,,,,,,,,,,,,,,
S452,,,,,,,,,,,,,,,
S453,,,,,,,,,,,,,,,
S454,,,,,,,,,,,,,,,
S455,,,,,,,,,,,,,,,
S456,,,,,,,,,,,,,,,
S457,,,,,,,,,,,,,,,
S458,,,,,,,,,,,,,,,
S459,,,,,,,,,,,,,,,
S460,,,,,,,,,,,,,,,
S461,,,,,,,,,,,,,,,
S462,,,,,,,,,,,,,,,
S463,,,,,,,,,,,,,,,
S464,,,,,,,,,,,,,,,
S465,,,,,,,,,,,,,,,
S466,,,,,,,,,,,,,,,
S467,,,,,,,,,,,,,,,
S468,,,,,,,,,,,,,,,
S469,,,,,,,,,,,,,,,
S470,,,,,,,,,,,,,,,
S471,,,,,,,,,,,,,,,
S472,,,,,,,,,,,,,,,
S473,,,,,,,,,,,,,,,
S474,,,,,,,,,,,,,,,
S475,,,,,,,,,,,,,,,
S476,,,,,,,,,,,,,,,
S477,,,,,,,,,,,,,,,
S478,,,,,,,,,,,,,,,
S479,,,,,,,,,,,,,,,
S480,,,,,,,,,,,,,,,
S481,,,,,,,,,,,,,,,
S482,,,,,,,,,,,,,,,
S483,,,,,,,,,,,,,,,
S484,,,,,,,,,,,,,,,
S485,,,,,,,,,,,,,,,
S486,,,,,,,,,,,,,,,
S487,,,,,,,,,,,,,,,
S488,,,,,,,,,,,,,,,
S489,,,,,,,,,,,,,,,
S490,,,,,,,,,,,,,,,
S491,,,,,,,,,,,,,,,
S492,,,,,,,,,,,,,,,
S493,,,,,,,,,,,,,,,
S494,,,,,,,,,,,,,,,
S495,,,,,,,,,,,,,,,
S496,,,,,,,,,,,,,,,
S497,,,,,,,,,,,,,,,
S498,,,,,,,,,,,,,,,
S499,,,,,,,,,,,,,,,
S500,,,,,,,,,,,,,,,
S501,,,,,,,,,,,,,,,
S502,,,,,,,,,,,,,,,
S503,,,,,,,,,,,,,,,
S504,,,,,,,,,,,,,,,
S505,,,,,,,,,,,,,,,
S506,,,,,,,,,,,,,,,
S507,,,,,,,,,,,,,,,
S508,,,,,,,,,,,,,,,
S509,,,,,,,,,,,,,,,
S510,,,,,,,,,,,,,,,
S511,,,,,,,,,,,,,,,
S512,,,,,,,,,,,,,,,
S513,,,,,,,,,,,,,,,
S514,,,,,,,,,,,,,,,
S515,,,,,,,,,,,,,,,
S516,,,,,,,,,,,,,,,
S517,,,,,,,,,,,,,,,
S518,,,,,,,,,,,,,,,
S519,,,,,,,,,,,,,,,
S520,,,,,,,,,,,,,,,
S521,,,,,,,,,,,,,,,
S522,,,,,,,,,,,,,,,
S523,,,,,,,,,,,,,,,
S524,,,,,,,,,,,,,,,
S525,,,,,,,,,,,,,,,
S526,,,,,,,,,,,,,,,
S527,,,,,,,,,,,,,,,
S528,,,,,,,,,,,,,,,
S529,,,,,,,,,,,,,,,
S530,,,,,,,,,,,,,,,
S531,,,,,,,,,,,,,,,
S532,,,,,,,,,,,,,,,
S533,,,,,,,,,,,,,,,
S534,,,,,,,,,,,,,,,
S535,,,,,,,,,,,,,,,
S536,,,,,,,,,,,,,,,
S537,,,,,,,,,,,,,,,
S538,,,,,,,,,,,,,,,
S539,,,,,,,,,,,,,,,
S540,,,,,,,,,,,,,,,
S541,,,,,,,,,,,,,,,
S542,,,,,,,,,,,,,,,
S543,,,,,,,,,,,,,,,
S544,,,,,,,,,,,,,,,
S545,,,,,,,,,,,,,,,
S546,,,,,,,,,,,,,,,
S547,,,,,,,,,,,,,,,
S548,,,,,,,,,,,,,,,
S549,,,,,,,,,,,,,,,
S550,,,,,,,,,,,,,,,
S551,,,,,,,,,,,,,,,
S552,,,,,,,,,,,,,,,
S553,,,,,,,,,,,,,,,
S554,,,,,,,,,,,,,,,
S555,,,,,,,,,,,,,,,
S556,,,,,,,,,,,,,,,
S557,,,,,,,,,,,,,,,
S558,,,,,,,,,,,,,,,
S559,,,,,,,,,,,,,,,
S560,,,,,,,,,,,,,,,
S561,,,,,,,,,,,,,,,
S562,,,,,,,,,,,,,,,
S563,,,,,,,,,,,,,,,
S564,,,,,,,,,,,,,,,
S565,,,,,,,,,,,,,,,
S566,,,,,,,,,,,,,,,
S567,,,,,,,,,,,,,,,
S568,,,,,,,,,,,,,,,
S569,,,,,,,,,,,,,,,
S570,,,,,,,,,,,,,,,
S571,,,,,,,,,,,,,,,
S572,,,,,,,,,,,,,,,
S573,,,,,,,,,,,,,,,
S574,,,,,,,,,,,,,,,
S575,,,,,,,,,,,,,,,
S576,,,,,,,,,,,,,,,
S577,,,,,,,,,,,,,,,
S578,,,,,,,,,,,,,,,
S579,,,,,,,,,,,,,,,
S580,,,,,,,,,,,,,,,
S581,,,,,,,,,,,,,,,
S582,,,,,,,,,,,,,,,
S583,,,,,,,,,,,,,,,
S584,,,,,,,,,,,,,,,
S585,,,,,,,,,,,,,,,
S586,,,,,,,,,,,,,,,
S587,,,,,,,,,,,,,,,
S588,,,,,,,,,,,,,,,
S589,,,,,,,,,,,,,,,
S590,,,,,,,,,,,,,,,
S591,,,,,,,,,,,,,,,
S592,,,,,,,,,,,,,,,
S593,,,,,,,,,,,,,,,
S594,,,,,,,,,,,,,,,
S595,,,,,,,,,,,,,,,
S596,,,,,,,,,,,,,,,
S597,,,,,,,,,,,,,,,
S598,,,,,,,,,,,,,,,
S599,,,,,,,,,,,,,,,
S600,,,,,,,,,,,,,,,
S601,,,,,,,,,,,,,,,
S602,,,,,,,,,,,,,,,
S603,,,,,,,,,,,,,,,
S604,,,,,,,,,,,,,,,
S605,,,,,,,,,,,,,,,
S606,,,,,,,,,,,,,,,
S607,,,,,,,,,,,,,,,
S608,,,,,,,,,,,,,,,
S609,,,,,,,,,,,,,,,
S610,,,,,,,,,,,,,,,
S611,,,,,,,,,,,,,,,
S612,,,,,,,,,,,,,,,
S613,,,,,,,,,,,,,,,
S614,,,,,,,,,,,,,,,
S615,,,,,,,,,,,,,,,
S616,,,,,,,,,,,,,,,
S617,,,,,,,,,,,,,,,
S618,,,,,,,,,,,,,,,
S619,,,,,,,,,,,,,,,
S620,,,,,,,,,,,,,,,
S621,,,,,,,,,,,,,,,
S622,,,,,,,,,,,,,,,
S623,,,,,,,,,,,,,,,
S624,,,,,,,,,,,,,,,
S625,,,,,,,,,,,,,,,
S626,,,,,,,,,,,,,,,
S627,,,,,,,,,,,,,,,
S628,,,,,,,,,,,,,,,
S629,,,,,,,,,,,,,,,
S630,,,,,,,,,,,,,,,
S631,,,,,,,,,,,,,,,
S632,,,,,,,,,,,,,,,
S633,,,,,,,,,,,,,,,
S634,,,,,,,,,,,,,,,
S635,,,,,,,,,,,,,,,
S636,,,,,,,,,,,,,,,
S637,,,,,,,,,,,,,,,
S638,,,,,,,,,,,,,,,
S639,,,,,,,,,,,,,,,
S640,,,,,,,,,,,,,,,
S641,,,,,,,,,,,,,,,
S642,,,,,,,,,,,,,,,
S643,,,,,,,,,,,,,,,
S644,,,,,,,,,,,,,,,
S645,,,,,,,,,,,,,,,
S646,,,,,,,,,,,,,,,
S647,,,,,,,,,,,,,,,
S648,,,,,,,,,,,,,,,
S649,,,,,,,,,,,,,,,
S650,,,,,,,,,,,,,,,
S651,,,,,,,,,,,,,,,
S652,,,,,,,,,,,,,,,
S653,,,,,,,,,,,,,,,
S654,,,,,,,,,,,,,,,
S655,,,,,,,,,,,,,,,
S656,,,,,,,,,,,,,,,
S657,,,,,,,,,,,,,,,
S658,,,,,,,,,,,,,,,
S659,,,,,,,,,,,,,,,
S660,,,,,,,,,,,,,,,
S661,,,,,,,,,,,,,,,
S662,,,,,,,,,,,,,,,
S663,,,,,,,,,,,,,,,
S664,,,,,,,,,,,,,,,
S665,,,,,,,,,,,,,,,
S666,,,,,,,,,,,,,,,
S667,,,,,,,,,,,,,,,
S668,,,,,,,,,,,,,,,
S669,,,,,,,,,,,,,,,
S670,,,,,,,,,,,,,,,
S671,,,,,,,,,,,,,,,
S672,,,,,,,,,,,,,,,
S673,,,,,,,,,,,,,,,
S674,,,,,,,,,,,,,,,
S675,,,,,,,,,,,,,,,
S676,,,,,,,,,,,,,,,
S677,,,,,,,,,,,,,,,
S678,,,,,,,,,,,,,,,
S679,,,,,,,,,,,,,,,
S680,,,,,,,,,,,,,,,
S681,,,,,,,,,,,,,,,
S682,,,,,,,,,,,,,,,
S683,,,,,,,,,,,,,,,
S684,,,,,,,,,,,,,,,
S685,,,,,,,,,,,,,,,
S686,,,,,,,,,,,,,,,
S687,,,,,,,,,,,,,,,
S688,,,,,,,,,,,,,,,
S689,,,,,,,,,,,,,,,
S690,,,,,,,,,,,,,,,
S691,,,,,,,,,,,,,,,
S692,,,,,,,,,,,,,,,
S693,,,,,,,,,,,,,,,
S694,,,,,,,,,,,,,,,
S695,,,,,,,,,,,,,,,
S696,,,,,,,,,,,,,,,
S697,,,,,,,,,,,,,,,
S698,,,,,,,,,,,,,,,
S699,,,,,,,,,,,,,,,
S700,,,,,,,,,,,,,,,
S701,,,,,,,,,,,,,,,
S702,,,,,,,,,,,,,,,
S703,,,,,,,,,,,,,,,
S704,,,,,,,,,,,,,,,
S705,,,,,,,,,,,,,,,
S706,,,,,,,,,,,,,,,
S707,,,,,,,,,,,,,,,
S708,,,,,,,,,,,,,,,
S709,,,,,,,,,,,,,,,
S710,,,,,,,,,,,,,,,
S711,,,,,,,,,,,,,,,
S712,,,,,,,,,,,,,,,
S713,,,,,,,,,,,,,,,
S714,,,,,,,,,,,,,,,
S715,,,,,,,,,,,,,,,
S716,,,,,,,,,,,,,,,
S717,,,,,,,,,,,,,,,
S718,,,,,,,,,,,,,,,
S719,,,,,,,,,,,,,,,
S720,,,,,,,,,,,,,,,
S721,,,,,,,,,,,,,,,
S722,,,,,,,,,,,,,,,
S723,,,,,,,,,,,,,,,
S724,,,,,,,,,,,,,,,
S725,,,,,,,,,,,,,,,
S726,,,,,,,,,,,,,,,
S727,,,,,,,,,,,,,,,
S728,,,,,,,,,,,,,,,
S729,,,,,,,,,,,,,,,
S730,,,,,,,,,,,,,,,
S731,,,,,,,,,,,,,,,
S732,,,,,,,,,,,,,,,
S733,,,,,,,,,,,,,,,
S734,,,,,,,,,,,,,,,
S735,,,,,,,,,,,,,,,
S736,,,,,,,,,,,,,,,
S737,,,,,,,,,,,,,,,
S738,,,,,,,,,,,,,,,
S739,,,,,,,,,,,,,,,
S740,,,,,,,,,,,,,,,
S741,,,,,,,,,,,,,,,
S742,,,,,,,,,,,,,,,
S743,,,,,,,,,,,,,,,
S744,,,,,,,,,,,,,,,
S745,,,,,,,,,,,,,,,
S746,,,,,,,,,,,,,,,
S747,,,,,,,,,,,,,,,
S748,,,,,,,,,,,,,,,
S749,,,,,,,,,,,,,,,
S750,,,,,,,,,,,,,,,
S751,,,,,,,,,,,,,,,
S752,,,,,,,,,,,,,,,
S753,,,,,,,,,,,,,,,
S754,,,,,,,,,,,,,,,
S755,,,,,,,,,,,,,,,
S756,,,,,,,,,,,,,,,
S757,,,,,,,,,,,,,,,
S758,,,,,,,,,,,,,,,
S759,,,,,,,,,,,,,,,
S760,,,,,,,,,,,,,,,
S761,,,,,,,,,,,,,,,
S762,,,,,,,,,,,,,,,
S763,,,,,,,,,,,,,,,
S764,,,,,,,,,,,,,,,
S765,,,,,,,,,,,,,,,
S766,,,,,,,,,,,,,,,
S767,,,,,,,,,,,,,,,
S768,,,,,,,,,,,,,,,
S769,,,,,,,,,,,,,,,
S770,,,,,,,,,,,,,,,
S771,,,,,,,,,,,,,,,
S772,,,,,,,,,,,,,,,
S773,,,,,,,,,,,,,,,
S774,,,,,,,,,,,,,,,
S775,,,,,,,,,,,,,,,
S776,,,,,,,,,,,,,,,
S777,,,,,,,,,,,,,,,
S778,,,,,,,,,,,,,,,
S779,,,,,,,,,,,,,,,
S780,,,,,,,,,,,,,,,
S781,,,,,,,,,,,,,,,
S782,,,,,,,,,,,,,,,
S783,,,,,,,,,,,,,,,
S784,,,,,,,,,,,,,,,
S785,,,,,,,,,,,,,,,
S786,,,,,,,,,,,,,,,
S787,,,,,,,,,,,,,,,
S788,,,,,,,,,,,,,,,
S789,,,,,,,,,,,,,,,
S790,,,,,,,,,,,,,,,
S791,,,,,,,,,,,,,,,
S792,,,,,,,,,,,,,,,
S793,,,,,,,,,,,,,,,
S794,,,,,,,,,,,,,,,
S795,,,,,,,,,,,,,,,
S796,,,,,,,,,,,,,,,
S797,,,,,,,,,,,,,,,
S798,,,,,,,,,,,,,,,
S799,,,,,,,,,,,,,,,
S800,,,,,,,,,,,,,,,
S801,,,,,,,,,,,,,,,
S802,,,,,,,,,,,,,,,
S803,,,,,,,,,,,,,,,
S804,,,,,,,,,,,,,,,
S805,,,,,,,,,,,,,,,
S806,,,,,,,,,,,,,,,
S807,,,,,,,,,,,,,,,
S808,,,,,,,,,,,,,,,
S809,,,,,,,,,,,,,,,
S810,,,,,,,,,,,,,,,
S811,,,,,,,,,,,,,,,
S812,,,,,,,,,,,,,,,
S813,,,,,,,,,,,,,,,
S814,,,,,,,,,,,,,,,
S815,,,,,,,,,,,,,,,
S816,,,,,,,,,,,,,,,
S817,,,,,,,,,,,,,,,
S818,,,,,,,,,,,,,,,
S819,,,,,,,,,,,,,,,
S820,,,,,,,,,,,,,,,
S821,,,,,,,,,,,,,,,
S822,,,,,,,,,,,,,,,
S823,,,,,,,,,,,,,,,
S824,,,,,,,,,,,,,,,
S825,,,,,,,,,,,,,,,
S826,,,,,,,,,,,,,,,
S827,,,,,,,,,,,,,,,
S828,,,,,,,,,,,,,,,
S829,,,,,,,,,,,,,,,
S830,,,,,,,,,,,,,,,
S831,,,,,,,,,,,,,,,
S832,,,,,,,,,,,,,,,
S833,,,,,,,,,,,,,,,
S834,,,,,,,,,,,,,,,
S835,,,,,,,,,,,,,,,
S836,,,,,,,,,,,,,,,
S837,,,,,,,,,,,,,,,
S838,,,,,,,,,,,,,,,
S839,,,,,,,,,,,,,,,
S840,,,,,,,,,,,,,,,
S841,,,,,,,,,,,,,,,
S842,,,,,,,,,,,,,,,
S843,,,,,,,,,,,,,,,
S844,,,,,,,,,,,,,,,
S845,,,,,,,,,,,,,,,
S846,,,,,,,,,,,,,,,
S847,,,,,,,,,,,,,,,
S848,,,,,,,,,,,,,,,
S849,,,,,,,,,,,,,,,
S850,,,,,,,,,,,,,,,
S851,,,,,,,,,,,,,,,
S852,,,,,,,,,,,,,,,
S853,,,,,,,,,,,,,,,
S854,,,,,,,,,,,,,,,
S855,,,,,,,,,,,,,,,
S856,,,,,,,,,,,,,,,
S857,,,,,,,,,,,,,,,
S858,,,,,,,,,,,,,,,
S859,,,,,,,,,,,,,,,
S860,,,,,,,,,,,,,,,
S861,,,,,,,,,,,,,,,
S862,,,,,,,,,,,,,,,
S863,,,,,,,,,,,,,,,
S864,,,,,,,,,,,,,,,
S865,,,,,,,,,,,,,,,
S866,,,,,,,,,,,,,,,
S867,,,,,,,,,,,,,,,
S868,,,,,,,,,,,,,,,
S869,,,,,,,,,,,,,,,
S870,,,,,,,,,,,,,,,
S871,,,,,,,,,,,,,,,
S872,,,,,,,,,,,,,,,
S873,,,,,,,,,,,,,,,
S874,,,,,,,,,,,,,,,
S875,,,,,,,,,,,,,,,
S876,,,,,,,,,,,,,,,
S877,,,,,,,,,,,,,,,
S878,,,,,,,,,,,,,,,
S879,,,,,,,,,,,,,,,
S880,,,,,,,,,,,,,,,
S881,,,,,,,,,,,,,,,
S882,,,,,,,,,,,,,,,
S883,,,,,,,,,,,,,,,
S884,,,,,,,,,,,,,,,
S885,,,,,,,,,,,,,,,
S886,,,,,,,,,,,,,,,
S887,,,,,,,,,,,,,,,
S888,,,,,,,,,,,,,,,
S889,,,,,,,,,,,,,,,
S890,,,,,,,,,,,,,,,
S891,,,,,,,,,,,,,,,
S892,,,,,,,,,,,,,,,
S893,,,,,,,,,,,,,,,
S894,,,,,,,,,,,,,,,
S895,,,,,,,,,,,,,,,
S896,,,,,,,,,,,,,,,
S897,,,,,,,,,,,,,,,
S898,,,,,,,,,,,,,,,
S899,,,,,,,,,,,,,,,
S900,,,,,,,,,,,,,,,
S901,,,,,,,,,,,,,,,
S902,,,,,,,,,,,,,,,
S903,,,,,,,,,,,,,,,
S904,,,,,,,,,,,,,,,
S905,,,,,,,,,,,,,,,
S906,,,,,,,,,,,,,,,
S907,,,,,,,,,,,,,,,
S908,,,,,,,,,,,,,,,
S909,,,,,,,,,,,,,,,
S910,,,,,,,,,,,,,,,
S911,,,,,,,,,,,,,,,
S912,,,,,,,,,,,,,,,
S913,,,,,,,,,,,,,,,
S914,,,,,,,,,,,,,,,
S915,,,,,,,,,,,,,,,
S916,,,,,,,,,,,,,,,
S917,,,,,,,,,,,,,,,
S918,,,,,,,,,,,,,,,
S919,,,,,,,,,,,,,,,
S920,,,,,,,,,,,,,,,
S921,,,,,,,,,,,,,,,
S922,,,,,,,,,,,,,,,
S923,,,,,,,,,,,,,,,
S924,,,,,,,,,,,,,,,
S925,,,,,,,,,,,,,,,
S926,,,,,,,,,,,,,,,
S927,,,,,,,,,,,,,,,
S928,,,,,,,,,,,,,,,
S929,,,,,,,,,,,,,,,
S930,,,,,,,,,,,,,,,
S931,,,,,,,,,,,,,,,
S932,,,,,,,,,,,,,,,
S933,,,,,,,,,,,,,,,
S934,,,,,,,,,,,,,,,
S935,,,,,,,,,,,,,,,
S936,,,,,,,,,,,,,,,
S937,,,,,,,,,,,,,,,
S938,,,,,,,,,,,,,,,
S939,,,,,,,,,,,,,,,
S940,,,,,,,,,,,,,,,
S941,,,,,,,,,,,,,,,
S942,,,,,,,,,,,,,,,
S943,,,,,,,,,,,,,,,
S944,,,,,,,,,,,,,,,
S945,,,,,,,,,,,,,,,
S946,,,,,,,,,,,,,,,
S947,,,,,,,,,,,,,,,
S948,,,,,,,,,,,,,,,
S949,,,,,,,,,,,,,,,
S950,,,,,,,,,,,,,,,
S951,,,,,,,,,,,,,,,
S952,,,,,,,,,,,,,,,
S953,,,,,,,,,,,,,,,
S954,,,,,,,,,,,,,,,
S955,,,,,,,,,,,,,,,
S956,,,,,,,,,,,,,,,
S957,,,,,,,,,,,,,,,
S958,,,,,,,,,,,,,,,
S959,,,,,,,,,,,,,,,
S960,,,,,,,,,,,,,,,
S961,,,,,,,,,,,,,,,
S962,,,,,,,,,,,,,,,
S963,,,,,,,,,,,,,,,
S964,,,,,,,,,,,,,,,
S965,,,,,,,,,,,,,,,
S966,,,,,,,,,,,,,,,
S967,,,,,,,,,,,,,,,
S968,,,,,,,,,,,,,,,
S969,,,,,,,,,,,,,,,
S970,,,,,,,,,,,,,,,
S971,,,,,,,,,,,,,,,
S972,,,,,,,,,,,,,,,
S973,,,,,,,,,,,,,,,
S974,,,,,,,,,,,,,,,
S975,,,,,,,,,,,,,,,
S976,,,,,,,,,,,,,,,
S977,,,,,,,,,,,,,,,
S978,,,,,,,,,,,,,,,
S979,,,,,,,,,,,,,,,
S980,,,,,,,,,,,,,,,
S981,,,,,,,,,,,,,,,
S982,,,,,,,,,,,,,,,
S983,,,,,,,,,,,,,,,
S984,,,,,,,,,,,,,,,
S985,,,,,,,,,,,,,,,
S986,,,,,,,,,,,,,,,
S987,,,,,,,,,,,,,,,
S988,,,,,,,,,,,,,,,
S989,,,,,,,,,,,,,,,
S990,,,,,,,,,,,,,,,
S991,,,,,,,,,,,,,,,
S992,,,,,,,,,,,,,,,
S993,,,,,,,,,,,,,,,
S994,,,,,,,,,,,,,,,
S995,,,,,,,,,,,,,,,
S996,,,,,,,,,,,,,,,
S997,,,,,,,,,,,,,,,
S998,,,,,,,,,,,,,,,
S999,,,,,,,,,,,,,,,
S1000,,,,,,,,,,,,,,,
S1001,,,,,,,,,,,,,,,
S1002,,,,,,,,,,,,,,,
S1003,,,,,,,,,,,,,,,
S1004,,,,,,,,,,,,,,,
S1005,,,,,,,,,,,,,,,
S1006,,,,,,,,,,,,,,,
S1007,,,,,,,,,,,,,,,
S1008,,,,,,,,,,,,,,,
S1009,,,,,,,,,,,,,,,
S1010,,,,,,,,,,,,,,,
S1011,,,,,,,,,,,,,,,
S1012,,,,,,,,,,,,,,,
S1013,,,,,,,,,,,,,,,
S1014,,,,,,,,,,,,,,,
S1015,,,,,,,,,,,,,,,
S1016,,,,,,,,,,,,,,,
S1017,,,,,,,,,,,,,,,
S1018,,,,,,,,,,,,,,,
S1019,,,,,,,,,,,,,,,
S1020,,,,,,,,,,,,,,,
S1021,,,,,,,,,,,,,,,
S1022,,,,,,,,,,,,,,,
S1023,,,,,,,,,,,,,,,
S1024,,,,,,,,,,,,,,,
S1025,,,,,,,,,,,,,,,
S1026,,,,,,,,,,,,,,,
S1027,,,,,,,,,,,,,,,
S1028,,,,,,,,,,,,,,,
S1029,,,,,,,,,,,,,,,
S1030,,,,,,,,,,,,,,,
S1031,,,,,,,,,,,,,,,
S1032,,,,,,,,,,,,,,,
S1033,,,,,,,,,,,,,,,
S1034,,,,,,,,,,,,,,,
S1035,,,,,,,,,,,,,,,
S1036,,,,,,,,,,,,,,,
S1037,,,,,,,,,,,,,,,
S1038,,,,,,,,,,,,,,,
S1039,,,,,,,,,,,,,,,
S1040,,,,,,,,,,,,,,,
S1041,,,,,,,,,,,,,,,
S1042,,,,,,,,,,,,,,,
S1043,,,,,,,,,,,,,,,
S1044,,,,,,,,,,,,,,,
S1045,,,,,,,,,,,,,,,
S1046,,,,,,,,,,,,,,,
S1047,,,,,,,,,,,,,,,
S1048,,,,,,,,,,,,,,,
S1049,,,,,,,,,,,,,,,
S1050,,,,,,,,,,,,,,,
S1051,,,,,,,,,,,,,,,
S1052,,,,,,,,,,,,,,,
S1053,,,,,,,,,,,,,,,
S1054,,,,,,,,,,,,,,,
S1055,,,,,,,,,,,,,,,
S1056,,,,,,,,,,,,,,,
S1057,,,,,,,,,,,,,,,
S1058,,,,,,,,,,,,,,,
S1059,,,,,,,,,,,,,,,
S1060,,,,,,,,,,,,,,,
S1061,,,,,,,,,,,,,,,
S1062,,,,,,,,,,,,,,,
S1063,,,,,,,,,,,,,,,
S1064,,,,,,,,,,,,,,,
S1065,,,,,,,,,,,,,,,
S1066,,,,,,,,,,,,,,,
S1067,,,,,,,,,,,,,,,
S1068,,,,,,,,,,,,,,,
S1069,,,,,,,,,,,,,,,
S1070,,,,,,,,,,,,,,,
S1071,,,,,,,,,,,,,,,
S1072,,,,,,,,,,,,,,,
S1073,,,,,,,,,,,,,,,
S1074,,,,,,,,,,,,,,,
S1075,,,,,,,,,,,,,,,
S1076,,,,,,,,,,,,,,,
S1077,,,,,,,,,,,,,,,
S1078,,,,,,,,,,,,,,,
S1079,,,,,,,,,,,,,,,
S1080,,,,,,,,,,,,,,,
S1081,,,,,,,,,,,,,,,
S1082,,,,,,,,,,,,,,,
S1083,,,,,,,,,,,,,,,
S1084,,,,,,,,,,,,,,,
S1085,,,,,,,,,,,,,,,
S1086,,,,,,,,,,,,,,,
S1087,,,,,,,,,,,,,,,
S1088,,,,,,,,,,,,,,,
S1089,,,,,,,,,,,,,,,
S1090,,,,,,,,,,,,,,,
S1091,,,,,,,,,,,,,,,
S1092,,,,,,,,,,,,,,,
S1093,,,,,,,,,,,,,,,
S1094,,,,,,,,,,,,,,,
S1095,,,,,,,,,,,,,,,
S1096,,,,,,,,,,,,,,,
S1097,,,,,,,,,,,,,,,
S1098,,,,,,,,,,,,,,,
S1099,,,,,,,,,,,,,,,
S1100,,,,,,,,,,,,,,,
S1101,,,,,,,,,,,,,,,
S1102,,,,,,,,,,,,,,,
S1103,,,,,,,,,,,,,,,
S1104,,,,,,,,,,,,,,,
S1105,,,,,,,,,,,,,,,
S1106,,,,,,,,,,,,,,,
S1107,,,,,,,,,,,,,,,
S1108,,,,,,,,,,,,,,,
S1109,,,,,,,,,,,,,,,
S1110,,,,,,,,,,,,,,,
S1111,,,,,,,,,,,,,,,
S1112,,,,,,,,,,,,,,,
S1113,,,,,,,,,,,,,,,
S1114,,,,,,,,,,,,,,,
S1115,,,,,,,,,,,,,,,
S1116,,,,,,,,,,,,,,,
S1117,,,,,,,,,,,,,,,
S1118,,,,,,,,,,,,,,,
S1119,,,,,,,,,,,,,,,
S1120,,,,,,,,,,,,,,,
S1121,,,,,,,,,,,,,,,
S1122,,,,,,,,,,,,,,,
S1123,,,,,,,,,,,,,,,
S1124,,,,,,,,,,,,,,,
S1125,,,,,,,,,,,,,,,
S1126,,,,,,,,,,,,,,,
S1127,,,,,,,,,,,,,,,
S1128,,,,,,,,,,,,,,,
S1129,,,,,,,,,,,,,,,
S1130,,,,,,,,,,,,,,,
S1131,,,,,,,,,,,,,,,
S1132,,,,,,,,,,,,,,,
S1133,,,,,,,,,,,,,,,
S1134,,,,,,,,,,,,,,,
S1135,,,,,,,,,,,,,,,
S1136,,,,,,,,,,,,,,,
S1137,,,,,,,,,,,,,,,
S1138,,,,,,,,,,,,,,,
S1139,,,,,,,,,,,,,,,
S1140,,,,,,,,,,,,,,,
S1141,,,,,,,,,,,,,,,
S1142,,,,,,,,,,,,,,,
S1143,,,,,,,,,,,,,,,
S1144,,,,,,,,,,,,,,,
S1145,,,,,,,,,,,,,,,
S1146,,,,,,,,,,,,,,,
S1147,,,,,,,,,,,,,,,
S1148,,,,,,,,,,,,,,,
S1149,,,,,,,,,,,,,,,
S1150,,,,,,,,,,,,,,,
S1151,,,,,,,,,,,,,,,
S1152,,,,,,,,,,,,,,,
S1153,,,,,,,,,,,,,,,
S1154,,,,,,,,,,,,,,,
S1155,,,,,,,,,,,,,,,
S1156,,,,,,,,,,,,,,,
S1157,,,,,,,,,,,,,,,
S1158,,,,,,,,,,,,,,,
S1159,,,,,,,,,,,,,,,
S1160,,,,,,,,,,,,,,,
S1161,,,,,,,,,,,,,,,
S1162,,,,,,,,,,,,,,,
S1163,,,,,,,,,,,,,,,
S1164,,,,,,,,,,,,,,,
S1165,,,,,,,,,,,,,,,
S1166,,,,,,,,,,,,,,,
S1167,,,,,,,,,,,,,,,
S1168,,,,,,,,,,,,,,,
S1169,,,,,,,,,,,,,,,
S1170,,,,,,,,,,,,,,,
S1171,,,,,,,,,,,,,,,
S1172,,,,,,,,,,,,,,,
S1173,,,,,,,,,,,,,,,
S1174,,,,,,,,,,,,,,,
S1175,,,,,,,,,,,,,,,
S1176,,,,,,,,,,,,,,,
S1177,,,,,,,,,,,,,,,
S1178,,,,,,,,,,,,,,,
S1179,,,,,,,,,,,,,,,
S1180,,,,,,,,,,,,,,,
S1181,,,,,,,,,,,,,,,
S1182,,,,,,,,,,,,,,,
S1183,,,,,,,,,,,,,,,
S1184,,,,,,,,,,,,,,,
S1185,,,,,,,,,,,,,,,
S1186,,,,,,,,,,,,,,,
S1187,,,,,,,,,,,,,,,
S1188,,,,,,,,,,,,,,,
S1189,,,,,,,,,,,,,,,
S1190,,,,,,,,,,,,,,,
S1191,,,,,,,,,,,,,,,
S1192,,,,,,,,,,,,,,,
S1193,,,,,,,,,,,,,,,
S1194,,,,,,,,,,,,,,,
S1195,,,,,,,,,,,,,,,
S1196,,,,,,,,,,,,,,,
S1197,,,,,,,,,,,,,,,
S1198,,,,,,,,,,,,,,,
S1199,,,,,,,,,,,,,,,
S1200,,,,,,,,,,,,,,,
S1201,,,,,,,,,,,,,,,
S1202,,,,,,,,,,,,,,,
S1203,,,,,,,,,,,,,,,
S1204,,,,,,,,,,,,,,,
S1205,,,,,,,,,,,,,,,
S1206,,,,,,,,,,,,,,,
S1207,,,,,,,,,,,,,,,
S1208,,,,,,,,,,,,,,,
S1209,,,,,,,,,,,,,,,
S1210,,,,,,,,,,,,,,,
S1211,,,,,,,,,,,,,,,
S1212,,,,,,,,,,,,,,,
S1213,,,,,,,,,,,,,,,
S1214,,,,,,,,,,,,,,,
S1215,,,,,,,,,,,,,,,
S1216,,,,,,,,,,,,,,,
S1217,,,,,,,,,,,,,,,
S1218,,,,,,,,,,,,,,,
S1219,,,,,,,,,,,,,,,
S1220,,,,,,,,,,,,,,,
S1221,,,,,,,,,,,,,,,
S1222,,,,,,,,,,,,,,,
S1223,,,,,,,,,,,,,,,
S1224,,,,,,,,,,,,,,,
S1225,,,,,,,,,,,,,,,
S1226,,,,,,,,,,,,,,,
S1227,,,,,,,,,,,,,,,
S1228,,,,,,,,,,,,,,,
S1229,,,,,,,,,,,,,,,
S1230,,,,,,,,,,,,,,,
S1231,,,,,,,,,,,,,,,
S1232,,,,,,,,,,,,,,,
S1233,,,,,,,,,,,,,,,
S1234,,,,,,,,,,,,,,,
S1235,,,,,,,,,,,,,,,
S1236,,,,,,,,,,,,,,,
S1237,,,,,,,,,,,,,,,
S1238,,,,,,,,,,,,,,,
S1239,,,,,,,,,,,,,,,
S1240,,,,,,,,,,,,,,,
S1241,,,,,,,,,,,,,,,
S1242,,,,,,,,,,,,,,,
S1243,,,,,,,,,,,,,,,
S1244,,,,,,,,,,,,,,,
S1245,,,,,,,,,,,,,,,
S1246,,,,,,,,,,,,,,,
S1247,,,,,,,,,,,,,,,
S1248,,,,,,,,,,,,,,,
S1249,,,,,,,,,,,,,,,
S1250,,,,,,,,,,,,,,,
S1251,,,,,,,,,,,,,,,
S1252,,,,,,,,,,,,,,,
S1253,,,,,,,,,,,,,,,
S1254,,,,,,,,,,,,,,,
S1255,,,,,,,,,,,,,,,
S1256,,,,,,,,,,,,,,,
S1257,,,,,,,,,,,,,,,
S1258,,,,,,,,,,,,,,,
S1259,,,,,,,,,,,,,,,
S1260,,,,,,,,,,,,,,,
S1261,,,,,,,,,,,,,,,
S1262,,,,,,,,,,,,,,,
S1263,,,,,,,,,,,,,,,
S1264,,,,,,,,,,,,,,,
S1265,,,,,,,,,,,,,,,
S1266,,,,,,,,,,,,,,,
S1267,,,,,,,,,,,,,,,
S1268,,,,,,,,,,,,,,,
S1269,,,,,,,,,,,,,,,
S1270,,,,,,,,,,,,,,,
S1271,,,,,,,,,,,,,,,
S1272,,,,,,,,,,,,,,,
S1273,,,,,,,,,,,,,,,
S1274,,,,,,,,,,,,,,,
S1275,,,,,,,,,,,,,,,
S1276,,,,,,,,,,,,,,,
S1277,,,,,,,,,,,,,,,
S1278,,,,,,,,,,,,,,,
S1279,,,,,,,,,,,,,,,
S1280,,,,,,,,,,,,,,,
S1281,,,,,,,,,,,,,,,
S1282,,,,,,,,,,,,,,,
S1283,,,,,,,,,,,,,,,
S1284,,,,,,,,,,,,,,,
S1285,,,,,,,,,,,,,,,
S1286,,,,,,,,,,,,,,,
S1287,,,,,,,,,,,,,,,
S1288,,,,,,,,,,,,,,,
S1289,,,,,,,,,,,,,,,
S1290,,,,,,,,,,,,,,,
S1291,,,,,,,,,,,,,,,
S1292,,,,,,,,,,,,,,,
S1293,,,,,,,,,,,,,,,
S1294,,,,,,,,,,,,,,,
S1295,,,,,,,,,,,,,,,
S1296,,,,,,,,,,,,,,,
S1297,,,,,,,,,,,,,,,
S1298,,,,,,,,,,,,,,,
S1299,,,,,,,,,,,,,,,
S1300,,,,,,,,,,,,,,,
S1301,,,,,,,,,,,,,,,
S1302,,,,,,,,,,,,,,,
S1303,,,,,,,,,,,,,,,
S1304,,,,,,,,,,,,,,,
S1305,,,,,,,,,,,,,,,
S1306,,,,,,,,,,,,,,,
S1307,,,,,,,,,,,,,,,
S1308,,,,,,,,,,,,,,,
S1309,,,,,,,,,,,,,,,
S1310,,,,,,,,,,,,,,,
S1311,,,,,,,,,,,,,,,
S1312,,,,,,,,,,,,,,,
S1313,,,,,,,,,,,,,,,
S1314,,,,,,,,,,,,,,,
S1315,,,,,,,,,,,,,,,
S1316,,,,,,,,,,,,,,,
S1317,,,,,,,,,,,,,,,
S1318,,,,,,,,,,,,,,,
S1319,,,,,,,,,,,,,,,
S1320,,,,,,,,,,,,,,,
S1321,,,,,,,,,,,,,,,
S1322,,,,,,,,,,,,,,,
S1323,,,,,,,,,,,,,,,
S1324,,,,,,,,,,,,,,,
S1325,,,,,,,,,,,,,,,
S1326,,,,,,,,,,,,,,,
S1327,,,,,,,,,,,,,,,
S1328,,,,,,,,,,,,,,,
S1329,,,,,,,,,,,,,,,
S1330,,,,,,,,,,,,,,,
S1331,,,,,,,,,,,,,,,
S1332,,,,,,,,,,,,,,,
S1333,,,,,,,,,,,,,,,
S1334,,,,,,,,,,,,,,,
S1335,,,,,,,,,,,,,,,
S1336,,,,,,,,,,,,,,,
S1337,,,,,,,,,,,,,,,
S1338,,,,,,,,,,,,,,,
S1339,,,,,,,,,,,,,,,
S1340,,,,,,,,,,,,,,,
S1341,,,,,,,,,,,,,,,
S1342,,,,,,,,,,,,,,,
S1343,,,,,,,,,,,,,,,
S1344,,,,,,,,,,,,,,,
S1345,,,,,,,,,,,,,,,
S1346,,,,,,,,,,,,,,,
S1347,,,,,,,,,,,,,,,
S1348,,,,,,,,,,,,,,,
S1349,,,,,,,,,,,,,,,
S1350,,,,,,,,,,,,,,,
S1351,,,,,,,,,,,,,,,
S1352,,,,,,,,,,,,,,,
S1353,,,,,,,,,,,,,,,
S1354,,,,,,,,,,,,,,,
S1355,,,,,,,,,,,,,,,
S1356,,,,,,,,,,,,,,,
S1357,,,,,,,,,,,,,,,
S1358,,,,,,,,,,,,,,,
S1359,,,,,,,,,,,,,,,
S1360,,,,,,,,,,,,,,,
S1361,,,,,,,,,,,,,,,
S1362,,,,,,,,,,,,,,,
S1363,,,,,,,,,,,,,,,
S1364,,,,,,,,,,,,,,,
S1365,,,,,,,,,,,,,,,
S1366,,,,,,,,,,,,,,,
S1367,,,,,,,,,,,,,,,
S1368,,,,,,,,,,,,,,,
S1369,,,,,,,,,,,,,,,
S1370,,,,,,,,,,,,,,,
S1371,,,,,,,,,,,,,,,
S1372,,,,,,,,,,,,,,,
S1373,,,,,,,,,,,,,,,
S1374,,,,,,,,,,,,,,,
S1375,,,,,,,,,,,,,,,
S1376,,,,,,,,,,,,,,,
S1377,,,,,,,,,,,,,,,
S1378,,,,,,,,,,,,,,,
S1379,,,,,,,,,,,,,,,
S1380,,,,,,,,,,,,,,,
S1381,,,,,,,,,,,,,,,
S1382,,,,,,,,,,,,,,,
S1383,,,,,,,,,,,,,,,
S1384,,,,,,,,,,,,,,,
S1385,,,,,,,,,,,,,,,
S1386,,,,,,,,,,,,,,,
S1387,,,,,,,,,,,,,,,
S1388,,,,,,,,,,,,,,,
S1389,,,,,,,,,,,,,,,
S1390,,,,,,,,,,,,,,,
S1391,,,,,,,,,,,,,,,
S1392,,,,,,,,,,,,,,,
S1393,,,,,,,,,,,,,,,
S1394,,,,,,,,,,,,,,,
S1395,,,,,,,,,,,,,,,
S1396,,,,,,,,,,,,,,,
S1397,,,,,,,,,,,,,,,
S1398,,,,,,,,,,,,,,,
S1399,,,,,,,,,,,,,,,
S1400,,,,,,,,,,,,,,,
S1401,,,,,,,,,,,,,,,
S1402,,,,,,,,,,,,,,,
S1403,,,,,,,,,,,,,,,
S1404,,,,,,,,,,,,,,,
S1405,,,,,,,,,,,,,,,
S1406,,,,,,,,,,,,,,,
S1407,,,,,,,,,,,,,,,
S1408,,,,,,,,,,,,,,,
S1409,,,,,,,,,,,,,,,
S1410,,,,,,,,,,,,,,,
S1411,,,,,,,,,,,,,,,
S1412,,,,,,,,,,,,,,,
S1413,,,,,,,,,,,,,,,
S1414,,,,,,,,,,,,,,,
S1415,,,,,,,,,,,,,,,
S1416,,,,,,,,,,,,,,,
S1417,,,,,,,,,,,,,,,
S1418,,,,,,,,,,,,,,,
S1419,,,,,,,,,,,,,,,
S1420,,,,,,,,,,,,,,,
S1421,,,,,,,,,,,,,,,
S1422,,,,,,,,,,,,,,,
S1423,,,,,,,,,,,,,,,
S1424,,,,,,,,,,,,,,,
S1425,,,,,,,,,,,,,,,
S1426,,,,,,,,,,,,,,,
S1427,,,,,,,,,,,,,,,
S1428,,,,,,,,,,,,,,,
S1429,,,,,,,,,,,,,,,
S1430,,,,,,,,,,,,,,,
S1431,,,,,,,,,,,,,,,
S1432,,,,,,,,,,,,,,,
S1433,,,,,,,,,,,,,,,
S1434,,,,,,,,,,,,,,,
S1435,,,,,,,,,,,,,,,
S1436,,,,,,,,,,,,,,,
S1437,,,,,,,,,,,,,,,
S1438,,,,,,,,,,,,,,,
S1439,,,,,,,,,,,,,,,
S1440,,,,,,,,,,,,,,,
S1441,,,,,,,,,,,,,,,
S1442,,,,,,,,,,,,,,,
S1443,,,,,,,,,,,,,,,
S1444,,,,,,,,,,,,,,,
S1445,,,,,,,,,,,,,,,
S1446,,,,,,,,,,,,,,,
S1447,,,,,,,,,,,,,,,
S1448,,,,,,,,,,,,,,,
S1449,,,,,,,,,,,,,,,
S1450,,,,,,,,,,,,,,,
S1451,,,,,,,,,,,,,,,
S1452,,,,,,,,,,,,,,,
S1453,,,,,,,,,,,,,,,
S1454,,,,,,,,,,,,,,,
S1455,,,,,,,,,,,,,,,
S1456,,,,,,,,,,,,,,,
S1457,,,,,,,,,,,,,,,
S1458,,,,,,,,,,,,,,,
S1459,,,,,,,,,,,,,,,
S1460,,,,,,,,,,,,,,,
S1461,,,,,,,,,,,,,,,
S1462,,,,,,,,,,,,,,,
S1463,,,,,,,,,,,,,,,
S1464,,,,,,,,,,,,,,,
S1465,,,,,,,,,,,,,,,
S1466,,,,,,,,,,,,,,,
S1467,,,,,,,,,,,,,,,
S1468,,,,,,,,,,,,,,,
S1469,,,,,,,,,,,,,,,
S1470,,,,,,,,,,,,,,,
S1471,,,,,,,,,,,,,,,
S1472,,,,,,,,,,,,,,,
S1473,,,,,,,,,,,,,,,
S1474,,,,,,,,,,,,,,,
S1475,,,,,,,,,,,,,,,
S1476,,,,,,,,,,,,,,,
S1477,,,,,,,,,,,,,,,
S1478,,,,,,,,,,,,,,,
S1479,,,,,,,,,,,,,,,
S1480,,,,,,,,,,,,,,,
S1481,,,,,,,,,,,,,,,
S1482,,,,,,,,,,,,,,,
S1483,,,,,,,,,,,,,,,
S1484,,,,,,,,,,,,,,,
S1485,,,,,,,,,,,,,,,
S1486,,,,,,,,,,,,,,,
S1487,,,,,,,,,,,,,,,
S1488,,,,,,,,,,,,,,,
S1489,,,,,,,,,,,,,,,
S1490,,,,,,,,,,,,,,,
S1491,,,,,,,,,,,,,,,
S1492,,,,,,,,,,,,,,,
S1493,,,,,,,,,,,,,,,
S1494,,,,,,,,,,,,,,,
S1495,,,,,,,,,,,,,,,
S1496,,,,,,,,,,,,,,,
S1497,,,,,,,,,,,,,,,
S1498,,,,,,,,,,,,,,,
S1499,,,,,,,,,,,,,,,
S1500,,,,,,,,,,,,,,,
S1501,,,,,,,,,,,,,,,
S1502,,,,,,,,,,,,,,,
S1503,,,,,,,,,,,,,,,
S1504,,,,,,,,,,,,,,,
S1505,,,,,,,,,,,,,,,
S1506,,,,,,,,,,,,,,,
S1507,,,,,,,,,,,,,,,
S1508,,,,,,,,,,,,,,,
S1509,,,,,,,,,,,,,,,
S1510,,,,,,,,,,,,,,,
S1511,,,,,,,,,,,,,,,
S1512,,,,,,,,,,,,,,,
S1513,,,,,,,,,,,,,,,
S1514,,,,,,,,,,,,,,,
S1515,,,,,,,,,,,,,,,
S1516,,,,,,,,,,,,,,,
S1517,,,,,,,,,,,,,,,
S1518,,,,,,,,,,,,,,,
S1519,,,,,,,,,,,,,,,
S1520,,,,,,,,,,,,,,,
S1521,,,,,,,,,,,,,,,
S1522,,,,,,,,,,,,,,,
S1523,,,,,,,,,,,,,,,
S1524,,,,,,,,,,,,,,,
S1525,,,,,,,,,,,,,,,
S1526,,,,,,,,,,,,,,,
S1527,,,,,,,,,,,,,,,
S1528,,,,,,,,,,,,,,,
S1529,,,,,,,,,,,,,,,
S1530,,,,,,,,,,,,,,,
S1531,,,,,,,,,,,,,,,
S1532,,,,,,,,,,,,,,,
S1533,,,,,,,,,,,,,,,
S1534,,,,,,,,,,,,,,,
S1535,,,,,,,,,,,,,,,
S1536,,,,,,,,,,,,,,,
S1537,,,,,,,,,,,,,,,
S1538,,,,,,,,,,,,,,,
S1539,,,,,,,,,,,,,,,
S1540,,,,,,,,,,,,,,,
S1541,,,,,,,,,,,,,,,
S1542,,,,,,,,,,,,,,,
S1543,,,,,,,,,,,,,,,
S1544,,,,,,,,,,,,,,,
S1545,,,,,,,,,,,,,,,
S1546,,,,,,,,,,,,,,,
S1547,,,,,,,,,,,,,,,
S1548,,,,,,,,,,,,,,,
S1549,,,,,,,,,,,,,,,
S1550,,,,,,,,,,,,,,,
S1551,,,,,,,,,,,,,,,
S1552,,,,,,,,,,,,,,,
S1553,,,,,,,,,,,,,,,
S1554,,,,,,,,,,,,,,,
S1555,,,,,,,,,,,,,,,
S1556,,,,,,,,,,,,,,,
S1557,,,,,,,,,,,,,,,
S1558,,,,,,,,,,,,,,,
S1559,,,,,,,,,,,,,,,
S1560,,,,,,,,,,,,,,,
S1561,,,,,,,,,,,,,,,
S1562,,,,,,,,,,,,,,,
S1563,,,,,,,,,,,,,,,
S1564,,,,,,,,,,,,,,,
S1565,,,,,,,,,,,,,,,
S1566,,,,,,,,,,,,,,,
S1567,,,,,,,,,,,,,,,
S1568,,,,,,,,,,,,,,,
S1569,,,,,,,,,,,,,,,
S1570,,,,,,,,,,,,,,,
S1571,,,,,,,,,,,,,,,
S1572,,,,,,,,,,,,,,,
S1573,,,,,,,,,,,,,,,
S1574,,,,,,,,,,,,,,,
S1575,,,,,,,,,,,,,,,
S1576,,,,,,,,,,,,,,,
S1577,,,,,,,,,,,,,,,
S1578,,,,,,,,,,,,,,,
S1579,,,,,,,,,,,,,,,
S1580,,,,,,,,,,,,,,,
S1581,,,,,,,,,,,,,,,
S1582,,,,,,,,,,,,,,,
S1583,,,,,,,,,,,,,,,
S1584,,,,,,,,,,,,,,,
S1585,,,,,,,,,,,,,,,
S1586,,,,,,,,,,,,,,,
S1587,,,,,,,,,,,,,,,
S1588,,,,,,,,,,,,,,,
S1589,,,,,,,,,,,,,,,
S1590,,,,,,,,,,,,,,,
S1591,,,,,,,,,,,,,,,
S1592,,,,,,,,,,,,,,,
S1593,,,,,,,,,,,,,,,
S1594,,,,,,,,,,,,,,,
S1595,,,,,,,,,,,,,,,
S1596,,,,,,,,,,,,,,,
S1597,,,,,,,,,,,,,,,
S1598,,,,,,,,,,,,,,,
S1599,,,,,,,,,,,,,,,
S1600,,,,,,,,,,,,,,,
S1601,,,,,,,,,,,,,,,
S1602,,,,,,,,,,,,,,,
S1603,,,,,,,,,,,,,,,
S1604,,,,,,,,,,,,,,,
S1605,,,,,,,,,,,,,,,
S1606,,,,,,,,,,,,,,,
S1607,,,,,,,,,,,,,,,
S1608,,,,,,,,,,,,,,,
S1609,,,,,,,,,,,,,,,
S1610,,,,,,,,,,,,,,,
S1611,,,,,,,,,,,,,,,
S1612,,,,,,,,,,,,,,,
S1613,,,,,,,,,,,,,,,
S1614,,,,,,,,,,,,,,,
S1615,,,,,,,,,,,,,,,
S1616,,,,,,,,,,,,,,,
S1617,,,,,,,,,,,,,,,
S1618,,,,,,,,,,,,,,,
S1619,,,,,,,,,,,,,,,
S1620,,,,,,,,,,,,,,,
S1621,,,,,,,,,,,,,,,
S1622,,,,,,,,,,,,,,,
S1623,,,,,,,,,,,,,,,
S1624,,,,,,,,,,,,,,,
S1625,,,,,,,,,,,,,,,
S1626,,,,,,,,,,,,,,,
S1627,,,,,,,,,,,,,,,
S1628,,,,,,,,,,,,,,,
S1629,,,,,,,,,,,,,,,
S1630,,,,,,,,,,,,,,,
S1631,,,,,,,,,,,,,,,
S1632,,,,,,,,,,,,,,,
S1633,,,,,,,,,,,,,,,
S1634,,,,,,,,,,,,,,,
S1635,,,,,,,,,,,,,,,
S1636,,,,,,,,,,,,,,,
S1637,,,,,,,,,,,,,,,
S1638,,,,,,,,,,,,,,,
S1639,,,,,,,,,,,,,,,
S1640,,,,,,,,,,,,,,,
S1641,,,,,,,,,,,,,,,
S1642,,,,,,,,,,,,,,,
S1643,,,,,,,,,,,,,,,
S1644,,,,,,,,,,,,,,,
S1645,,,,,,,,,,,,,,,
S1646,,,,,,,,,,,,,,,
S1647,,,,,,,,,,,,,,,
S1648,,,,,,,,,,,,,,,
S1649,,,,,,,,,,,,,,,
S1650,,,,,,,,,,,,,,,
S1651,,,,,,,,,,,,,,,
S1652,,,,,,,,,,,,,,,
S1653,,,,,,,,,,,,,,,
S1654,,,,,,,,,,,,,,,
S1655,,,,,,,,,,,,,,,
S1656,,,,,,,,,,,,,,,
S1657,,,,,,,,,,,,,,,
S1658,,,,,,,,,,,,,,,
S1659,,,,,,,,,,,,,,,
S1660,,,,,,,,,,,,,,,
S1661,,,,,,,,,,,,,,,
S1662,,,,,,,,,,,,,,,
S1663,,,,,,,,,,,,,,,
S1664,,,,,,,,,,,,,,,
S1665,,,,,,,,,,,,,,,
S1666,,,,,,,,,,,,,,,
S1667,,,,,,,,,,,,,,,
S1668,,,,,,,,,,,,,,,
S1669,,,,,,,,,,,,,,,
S1670,,,,,,,,,,,,,,,
S1671,,,,,,,,,,,,,,,
S1672,,,,,,,,,,,,,,,
S1673,,,,,,,,,,,,,,,
S1674,,,,,,,,,,,,,,,
S1675,,,,,,,,,,,,,,,
S1676,,,,,,,,,,,,,,,
S1677,,,,,,,,,,,,,,,
S1678,,,,,,,,,,,,,,,
S1679,,,,,,,,,,,,,,,
S1680,,,,,,,,,,,,,,,
S1681,,,,,,,,,,,,,,,
S1682,,,,,,,,,,,,,,,
S1683,,,,,,,,,,,,,,,
S1684,,,,,,,,,,,,,,,
S1685,,,,,,,,,,,,,,,
S1686,,,,,,,,,,,,,,,
S1687,,,,,,,,,,,,,,,
S1688,,,,,,,,,,,,,,,
S1689,,,,,,,,,,,,,,,
S1690,,,,,,,,,,,,,,,
S1691,,,,,,,,,,,,,,,
S1692,,,,,,,,,,,,,,,
S1693,,,,,,,,,,,,,,,
S1694,,,,,,,,,,,,,,,
S1695,,,,,,,,,,,,,,,
S1696,,,,,,,,,,,,,,,
S1697,,,,,,,,,,,,,,,
S1698,,,,,,,,,,,,,,,
S1699,,,,,,,,,,,,,,,
S1700,,,,,,,,,,,,,,,
S1701,,,,,,,,,,,,,,,
S1702,,,,,,,,,,,,,,,
S1703,,,,,,,,,,,,,,,
S1704,,,,,,,,,,,,,,,
S1705,,,,,,,,,,,,,,,
S1706,,,,,,,,,,,,,,,
S1707,,,,,,,,,,,,,,,
S1708,,,,,,,,,,,,,,,
S1709,,,,,,,,,,,,,,,
S1710,,,,,,,,,,,,,,,
S1711,,,,,,,,,,,,,,,
S1712,,,,,,,,,,,,,,,
S1713,,,,,,,,,,,,,,,
S1714,,,,,,,,,,,,,,,
S1715,,,,,,,,,,,,,,,
S1716,,,,,,,,,,,,,,,
L1,,,,,,,,,,,,,,,
L2,,,,,,,,,,,,,,,
L3,,,,,,,,,,,,,,,
Hz_NH23,-9.0947,2.7275,11.822199999999999,-10.4282,3.3542,-1.9602000000000004,0.0488,-0.185903,0.0,1.3335000000000008,0.6267,,,,
Hz_NMe23,-8.992,2.8447,11.8367,-9.4682,3.4468,-1.0782999999999987,0.1145,-0.149763,0.0,0.4761999999999986,0.6021000000000001,,,,
Hz_NEt23,-8.9602,2.7731,11.7333,-9.3951,3.3626,-1.0244,0.1001,-0.157684,4.1e-05,0.43489999999999895,0.5895000000000001,,,,
Hz_NHPh3,-8.3744,1.7973,10.1717,-8.375,2.5469,-0.7502000000000013,0.2189,-0.092334,0.0,0.000600000000000378,0.7496,,,,
Hz_NPh23,,,,,,,0.2507,-0.074841,0.571781,,,,,,
Hz_POZ3,,,,,,,0.2122,-0.096019,0.588301,,,,,,
Hz_Cz3,-8.0672,1.0658,9.133,-8.0686,1.914,-0.8496000000000006,0.1378,-0.136946,0.0,0.00140000000000029,0.8481999999999998,,,,
Hz_DMAC3,,,,,,,0.2017,-0.101795,0.006775,,,,,,
Hz_NH22_CN1,-9.6961,0.7671,10.463199999999999,-11.0059,2.3658,-2.908500000000002,0.5448,0.086939,0.022488,1.309800000000001,1.5987,,,,
Hz_NH22_CF31,-9.6391,1.3501,10.989199999999999,-10.9847,2.4192,-2.4147000000000016,0.4616,0.041172,0.01392,1.345600000000001,1.0691,,,,
Hz_NH22_SO2Ph1,-9.6075,1.2917,10.8992,-9.7475,2.42,-1.2683,0.4564,0.038311,0.011049,0.14000000000000057,1.1282999999999999,,,,
Hz_NMe22_CN1,-9.5435,1.0033,10.5468,-10.0163,2.5118,-1.9812999999999992,0.6111,0.123409,0.026733,0.47279999999999944,1.5085,,,,
Hz_NMe22_CF31,-9.4877,1.5827,11.0704,-10.0121,2.5779,-1.5196000000000005,0.5239,0.075442,0.018519,0.5244,0.9952000000000001,,,,
Hz_NMe22_SO2Ph1,-9.5059,1.489,10.994900000000001,-9.646,2.5364,-1.1875,0.503,0.063945,0.015081,0.14010000000000034,1.0473999999999999,,,,
Hz_NEt22_CN1,-9.5014,1.03,10.5314,-9.8986,2.5114,-1.8786000000000005,0.6023,0.118568,0.026263,0.3971999999999998,1.4814,,,,
Hz_NEt22_CF31,-9.45,1.582,11.032,-9.9304,2.5322,-1.430600000000002,0.4954,0.059764,0.016843,0.48040000000000127,0.9501999999999999,,,,
Hz_NEt22_SO2Ph1,-9.4737,1.5047,10.978399999999999,-9.6368,2.5465,-1.2049000000000003,0.4996,0.062075,0.014461,0.16310000000000002,1.0418,,,,
Hz_NHPh2_CN1,-8.7054,0.5679,9.273299999999999,-8.8386,1.7902,-1.355500000000001,0.4095,0.012512,0.290383,0.13320000000000043,1.2223000000000002,,,,
Hz_NHPh2_CF31,-8.7106,1.0441,9.7547,-8.8501,1.9476,-1.0429999999999993,0.3927,0.003271,0.03354,0.13949999999999996,0.9035,,,,
Hz_NHPh2_SO2Ph1,-8.6993,0.9928,9.6921,-8.8627,1.909,-1.079600000000001,0.3675,-0.010591,0.056547,0.1634000000000011,0.9162,,,,
Hz_NPh22_CN1,-8.3937,0.7544,9.148100000000001,-8.5338,1.9251,-1.3107999999999986,0.2264,-0.088208,0.253966,0.14009999999999856,1.1707,,,,
Hz_NPh22_CF31,-8.4058,1.2182,9.623999999999999,-8.5476,2.1095,-1.033100000000001,0.2652,-0.066865,0.431669,0.14179999999999993,0.8913000000000002,,,,
Hz_NPh22_SO2Ph1,-8.3891,1.1608,9.5499,-8.5584,2.0638,-1.072300000000002,0.2249,-0.089033,0.373976,0.16930000000000156,0.903,,,,
Hz_POZ2_CN1,,,,,,,0.0558,-0.182053,0.250644,,,,,,
Hz_POZ2_CF31,,,,,,,0.1512,-0.129575,0.435275,,,,,,
Hz_POZ2_SO2Ph1,,,,,,,0.1549,-0.127539,0.406333,,,,,,
Hz_Cz2_CN1,-8.2625,0.2572,8.519699999999998,-8.2635,1.338,-1.0818000000000012,0.0784,-0.169621,0.000259,0.0010000000000012221,1.0808,,,,
Hz_Cz2_CF31,-8.2613,0.6201,8.881400000000001,-8.2739,1.5649,-0.9573999999999998,0.0942,-0.160929,9.3e-05,0.012599999999999056,0.9448,,,,
Hz_Cz2_SO2Ph1,-8.192,0.599,8.791,-8.3161,1.5403,-1.0654000000000003,0.0541,-0.182988,0.000837,0.12410000000000032,0.9413,,,,
Hz_DMAC2_CN1,,,,,,,0.3188,-0.03738,0.30589,,,,,,
Hz_DMAC2_CF31,,,,,,,0.3546,-0.017687,0.366609,,,,,,
Hz_DMAC2_SO2Ph1,,,,,,,0.3145,-0.039746,0.486087,,,,,,
Hz_CN3,-10.9706,-1.5008,9.4698,-13.5901,-0.1784,-3.9419,0.2327,-0.084743,0.0,2.6195000000000004,1.3224,,,,
Hz_CF33,-10.828,-0.8765,9.9515,-13.674,0.3591,-4.0816,0.23,-0.086228,0.0,2.846,1.2355999999999998,,,,
Hz_SO2Ph3,-10.0534,-0.4555,9.5979,-10.2319,0.6593,-1.2933000000000003,0.2051,-0.099925,0.0,0.17849999999999966,1.1148,,,,
Hz_NH21_NMe22,-9.0222,2.7972,11.8194,-9.5252,3.4019,-1.1076999999999997,0.0872,-0.16478,6.5e-05,0.5030000000000001,0.6046999999999998,,,,
Hz_NH21_NEt22,-8.9984,2.7849,11.7833,-9.4381,3.3771,-1.0319000000000005,0.1089,-0.152843,2.3e-05,0.4397000000000002,0.5922000000000001,,,,
Hz_NH21_NHPh2,-8.3204,2.012,10.3324,-8.4305,2.6643,-0.7624000000000013,0.2473,-0.076712,0.010282,0.11010000000000097,0.6522999999999999,,,,
Hz_NH21_NPh22,-8.0257,2.0413,10.067,-8.1434,2.7294,-0.8057999999999996,0.2576,-0.071046,0.540929,0.11769999999999925,0.6880999999999999,,,,
Hz_NH21_POZ2,-8.0955,1.8932,9.9887,-8.1901,2.5474,-0.7487999999999992,0.2288,-0.086888,0.71229,0.0945999999999998,0.6542000000000001,,,,
Hz_NH21_Cz2,-7.973,1.4196,9.3926,-7.9745,2.1044,-0.6863000000000001,0.1827,-0.112247,0.069769,0.0015000000000000568,0.6848000000000001,,,,
Hz_NH21_DMAC2,-8.2823,2.0016,10.2839,-8.3981,2.6585,-0.7727000000000004,0.2397,-0.080892,0.041766,0.11580000000000013,0.6569000000000003,,,,
Hz_NMe21_NEt22,-8.9702,2.8056,11.7758,-9.399,3.3942,-1.0173999999999983,0.1103,-0.152073,8.5e-05,0.42879999999999896,0.5886,,,,
Hz_NMe21_NHPh2,-8.2551,2.0772,10.3323,-8.3615,2.7199,-0.7490999999999985,0.2769,-0.060429,0.019324,0.10639999999999894,0.6427,,,,
Hz_NMe21_NPh22,-7.9713,2.0809,10.052200000000001,-8.0782,2.7619,-0.7878999999999996,0.2564,-0.071706,0.587085,0.10690000000000044,0.6809999999999996,,,,
Hz_NMe21_POZ2,-8.0462,1.9426,9.988800000000001,-8.1323,2.5922,-0.7356999999999996,0.2292,-0.086668,0.708119,0.08610000000000007,0.6496,,,,
Hz_NMe21_Cz2,-7.9265,1.4917,9.4182,-7.9277,2.1624,-0.6718999999999999,0.194,-0.106031,0.149546,0.0011999999999998678,0.6706999999999999,,,,
Hz_NMe21_DMAC2,,,,,,,0.2435,-0.078802,0.091632,,,,,,
Hz_NEt21_NHPh2,-8.2517,2.0627,10.3144,-8.3593,2.7104,-0.7553000000000001,0.2577,-0.070991,0.017117,0.1075999999999997,0.6476999999999999,,,,
Hz_NEt21_NPh22,-7.9743,2.0988,10.0731,-8.0816,2.7699,-0.7783999999999986,0.2747,-0.061639,0.623411,0.1072999999999995,0.6710999999999996,,,,
Hz_NEt21_POZ2,,,,,,,0.226,-0.088428,0.695128,,,,,,
Hz_NEt21_Cz2,-7.9244,1.4851,9.409500000000001,-7.9258,2.1605,-0.6767999999999983,0.193,-0.106581,0.121286,0.0013999999999994017,0.6753999999999998,,,,
Hz_NEt21_DMAC2,,,,,,,0.251,-0.074676,0.092076,,,,,,
Hz_NHPh1_NPh22,-8.0778,1.8376,9.9154,-8.163,2.5957,-0.843300000000001,0.2528,-0.073686,0.59188,0.08520000000000039,0.7581,,,,
Hz_NHPh1_POZ2,,,,,,,0.2121,-0.096074,0.631031,,,,,,
Hz_NHPh1_Cz2,-7.9936,1.2709,9.2645,-8.0268,2.0163,-0.7786,0.1739,-0.117088,0.018538,0.033199999999999896,0.7454000000000003,,,,
Hz_NHPh1_DMAC2,,,,,,,0.218,-0.092829,0.057634,,,,,,
Hz_NPh21_POZ2,,,,,,,0.2005,-0.102455,0.593753,,,,,,
Hz_NPh21_Cz2,-7.9477,1.3236,9.2713,-7.9487,2.0812,-0.7585999999999986,0.2086,-0.098,0.428131,0.0009999999999994458,0.7575999999999998,,,,
Hz_NPh21_DMAC2,,,,,,,0.2415,-0.079902,0.380877,,,,,,
Hz_POZ1_Cz2,,,,,,,0.1593,-0.125119,0.462485,,,,,,
Hz_POZ1_DMAC2,,,,,,,0.222,-0.090629,0.555278,,,,,,
Hz_Cz1_DMAC2,,,,,,,0.2088,-0.09789,0.047097,,,,,,
Hz_POZ1_NPh21_CN1,-8.3822,0.663,9.0452,-8.5541,1.8311,-1.3400000000000016,0.0927,-0.161755,0.217436,0.17190000000000083,1.1681,,,,
Hz_POZ1_NMe21_CN1,-8.3841,0.7717,9.1558,-9.1177,1.9981,-1.959999999999999,0.1079,-0.153393,0.143147,0.7335999999999991,1.2264,,,,
Hz_POZ1_NH21_CN1,-8.4565,0.6643,9.120800000000001,-9.1897,1.9035,-1.9724000000000004,0.113,-0.150588,0.139612,0.7332000000000001,1.2391999999999999,,,,
Hz_POZ1_NPh21_CF31,-8.3694,1.111,9.480400000000001,-8.5675,1.9817,-1.0687999999999995,0.1675,-0.120608,0.393171,0.19810000000000016,0.8707,,,,
Hz_POZ1_NMe21_CF31,-8.3731,1.2834,9.656500000000001,-9.1101,2.1064,-1.5599999999999987,0.1748,-0.116593,0.243242,0.7369999999999983,0.8229999999999997,,,,
Hz_POZ1_NH21_CF31,-8.4585,1.1653,9.623800000000001,-9.1942,2.0343,-1.6046999999999991,0.2213,-0.091014,0.228922,0.7356999999999996,0.869,,,,
Hz_POZ1_NPh21_SO2Ph1,,,,,,,0.1483,-0.13117,0.352577,,,,,,
Hz_POZ1_NMe21_SO2Ph1,-8.4322,1.1907,9.6229,-9.1734,2.0818,-1.6323000000000008,0.1883,-0.109166,0.240061,0.741200000000001,0.8910999999999998,,,,
Hz_POZ1_NH21_SO2Ph1,-8.3859,1.1372,9.5231,-9.1137,1.9812,-1.5717999999999996,0.1967,-0.104546,0.225481,0.7278000000000002,0.8440000000000001,,,,
Hz_Cz1_NPh21_CN1,-8.1343,0.5098,8.6441,-8.4627,1.5923,-1.4108999999999998,0.1754,-0.116263,0.050775,0.32840000000000025,1.0825,,,,
Hz_Cz1_NMe21_CN1,-8.1225,0.6121,8.7346,-8.4703,1.68,-1.4156999999999993,0.1904,-0.108011,0.001011,0.34779999999999944,1.0678999999999998,,,,
Hz_Cz1_NH21_CN1,-8.1969,0.4991,8.696,-8.5655,1.5759,-1.4454000000000011,0.1514,-0.129465,0.00119,0.3686000000000007,1.0768,,,,
Hz_Cz1_NPh21_CF31,-8.1335,0.9157,9.049199999999999,-8.4663,1.7662,-1.183300000000001,0.1908,-0.107791,0.0063,0.33280000000000065,0.8505,,,,
Hz_Cz1_NMe21_CF31,-8.1234,1.0684,9.1918,-8.4747,1.8389,-1.1218000000000004,0.212,-0.096129,0.002818,0.35130000000000017,0.7705,,,,
Hz_Cz1_NH21_CF31,-8.1985,0.9502,9.1487,-8.5721,1.7394,-1.1628000000000007,0.1759,-0.115988,0.002909,0.3736000000000015,0.7892,,,,
Hz_Cz1_NPh21_SO2Ph1,-8.074,0.8765,8.9505,-8.4208,1.723,-1.1933000000000007,0.126,-0.143437,0.002111,0.3468,0.8465000000000001,,,,
Hz_Cz1_NMe21_SO2Ph1,-8.0568,1.027,9.0838,-8.4124,1.8003,-1.1288999999999998,0.0709,-0.173746,0.002392,0.35559999999999903,0.7733000000000001,,,,
Hz_Cz1_NH21_SO2Ph1,-8.2527,0.8816,9.134300000000001,-8.6162,1.7445,-1.2263999999999982,0.0978,-0.158949,0.002499,0.3634999999999984,0.8628999999999999,,,,
Hz_DMAC1_NPh21_CN1,,,,,,,0.2674,-0.065655,0.250962,,,,,,
Hz_DMAC1_NMe21_CN1,,,,,,,0.4518,0.035781,0.209008,,,,,,
Hz_DMAC1_NH21_CN1,-8.7399,0.7607,9.5006,-9.1041,1.9689,-1.5724,0.4462,0.0327,0.135073,0.3642000000000003,1.2082000000000002,,,,
Hz_DMAC1_NPh21_CF31,,,,,,,0.2964,-0.049702,0.400913,,,,,,
Hz_DMAC1_NMe21_CF31,,,,,,,0.4408,0.02973,0.074872,,,,,,
Hz_DMAC1_NH21_CF31,-8.7653,1.2546,10.0199,-9.1078,2.1238,-1.2117000000000004,0.4165,0.016363,0.026185,0.34249999999999936,0.8692000000000002,,,,
Hz_DMAC1_NPh21_SO2Ph1,,,,,,,0.2615,-0.0689,0.387,,,,,,
Hz_DMAC1_NMe21_SO2Ph1,,,,,,,0.4218,0.019278,0.007223,,,,,,
Hz_DMAC1_NH21_SO2Ph1,-8.7938,1.1771,9.970899999999999,-9.1683,2.0671,-1.2645000000000015,0.3943,0.004151,0.011867,0.37450000000000117,0.8899999999999999,,,,
5AP_core,-9.5642,-1.3091,8.255099999999999,-9.7882,1.8645,-3.3976000000000006,0.2135,-0.095304,3e-05,0.2240000000000002,3.1736,,,,
5AP_NMe22,-7.6309,0.7707,8.4016,-9.0843,3.0581,-3.740800000000001,0.3025,-0.046347,6.4e-05,1.4534000000000011,2.2874,,,,
5AP_NEt22,-7.5436,0.9407,8.4843,-8.9991,3.0285,-3.5433000000000003,0.304,-0.045522,0.000365,1.4555000000000007,2.0878,,,,
5AP_NPh22,-7.5775,0.3545,7.9319999999999995,-8.28,2.2564,-2.604399999999999,0.2129,-0.095634,0.000586,0.7024999999999997,1.9019000000000001,,,,
5AP_Cz2,-7.8632,-1.2233,6.6399,-7.9454,1.807,-3.1125,0.1848,-0.111092,1.7e-05,0.08220000000000027,3.0303,,,,
5AP_CF32,-10.4018,-2.1718,8.23,-10.4391,0.7363,-2.945400000000001,0.2103,-0.097065,1.8e-05,0.03730000000000011,2.9081,,,,
5AP_CN2,-10.3106,-2.3567,7.953900000000001,-10.6643,0.1579,-2.8683,0.2024,-0.10141,1.2e-05,0.3536999999999999,2.5146,,,,
5AP_Me2,-9.1077,-0.9968,8.110899999999999,-9.569,2.132,-3.5901000000000014,0.2068,-0.09899,3.2e-05,0.4613000000000014,3.1288,,,,
5AP_OMe2,-8.8311,0.2376,9.0687,-10.0081,2.538,-3.477400000000001,0.2298,-0.086338,3.4e-05,1.1770000000000014,2.3004,,,,
5AP_Ph2,-8.3594,-1.1359,7.223500000000001,-9.2294,1.5524,-3.558299999999999,0.1976,-0.104051,2.3e-05,0.8699999999999992,2.6883,,,,
5AP_NMe2_NEt2,-7.5844,0.8359,8.4203,-9.0422,3.0792,-3.7011,0.3094,-0.042551,0.000143,1.4577999999999998,2.2433,,,,
5AP_NMe2_NPh2,-7.5939,0.5392,8.133099999999999,-8.6404,2.6008,-3.1081000000000003,0.2159,-0.093984,7.2e-05,1.0465,2.0616,,,,
5AP_NMe2_Cz,-7.8451,0.1159,7.961,-8.2985,2.1263,-2.463800000000001,0.2328,-0.084688,0.000895,0.45340000000000025,2.0104,,,,
5AP_NMe2_CF3,-8.5865,-1.256,7.330499999999999,-9.8952,2.0297,-4.594400000000002,0.2486,-0.075996,9e-05,1.3087000000000018,3.2857000000000003,,,,
5AP_NMe2_CN,-8.6218,-1.4596,7.1622,-9.8793,1.817,-4.5341000000000005,0.2191,-0.092224,8.9e-05,1.2575000000000003,3.2766,,,,
5AP_NMe2_Me,-8.1018,-0.2269,7.874900000000001,-9.4342,2.6559,-4.215199999999999,0.2382,-0.081717,2e-05,1.3323999999999998,2.8828,,,,
5AP_NMe2_OMe,-8.0835,0.3973,8.4808,-9.5838,2.8529,-3.9559,0.2241,-0.089473,5e-05,1.5002999999999993,2.4556,,,,
5AP_NMe2_Ph,-7.8982,-0.3256,7.5726,-9.1488,2.1835,-3.7597,0.2308,-0.085788,0.000135,1.2505999999999995,2.5091,,,,
5AP_NEt2_NPh2,-7.5734,0.5857,8.1591,-8.6435,2.6451,-3.1295,0.227,-0.087878,0.001876,1.0700999999999992,2.0593999999999997,,,,
5AP_NEt2_Cz,-7.8343,0.1829,8.017199999999999,-8.2851,2.127,-2.394899999999999,0.2319,-0.085183,0.000853,0.4508000000000001,1.9440999999999997,,,,
5AP_NEt2_CF3,-8.5467,-1.1975,7.3492,-9.8841,2.0138,-4.5487,0.2445,-0.078252,7.8e-05,1.3374000000000006,3.2112999999999996,,,,
5AP_NEt2_CN,-8.5875,-1.4699,7.1176,-9.7843,1.8328,-4.499499999999999,0.1929,-0.106636,1.9e-05,1.1967999999999996,3.3026999999999997,,,,
5AP_NEt2_Me,-8.0987,-0.2398,7.858899999999999,-9.4174,2.6466,-4.205100000000002,0.2403,-0.080562,3e-05,1.3187000000000015,2.8864,,,,
5AP_NEt2_OMe,-8.0773,0.411,8.488299999999999,-9.5872,2.8634,-3.962300000000001,0.2322,-0.085018,0.000256,1.5099,2.4524,,,,
5AP_NEt2_Ph,-7.9256,-0.2448,7.6808000000000005,-9.1849,2.1774,-3.6815000000000007,0.2342,-0.083918,0.000118,1.2593000000000005,2.4222,,,,
5AP_NPh2_Cz,-7.7541,-0.3933,7.3608,-8.0915,2.1783,-2.909,0.1937,-0.106196,5.2e-05,0.3373999999999997,2.5716,,,,
5AP_NPh2_CF3,-8.0025,-1.3896,6.6129,-9.3982,1.6733,-4.458599999999999,0.2229,-0.090134,9e-05,1.3956999999999997,3.0629,,,,
5AP_NPh2_CN,-8.062,-1.4485,6.613499999999999,-9.4412,1.5346,-4.362300000000001,0.2088,-0.09789,0.00011,1.3792000000000009,2.9831,,,,
5AP_NPh2_Me,-7.7889,-0.6928,7.0961,-9.2293,2.2671,-4.4003,0.2151,-0.094424,3.4e-05,1.4404000000000003,2.9599,,,,
5AP_NPh2_OMe,-7.8129,0.0744,7.8873,-9.0943,2.4704,-3.677400000000001,0.2178,-0.092939,4.5e-05,1.2814000000000005,2.3960000000000004,,,,
5AP_NPh2_Ph,-7.7327,-0.6888,7.043900000000001,-8.6854,1.9051,-3.546599999999999,0.2048,-0.10009,0.000106,0.9526999999999992,2.5939,,,,
5AP_Cz_CF3,-8.1596,-1.7597,6.399899999999999,-8.1795,1.3231,-3.1027000000000005,0.2183,-0.092664,2.5e-05,0.019900000000001583,3.0827999999999998,,,,
5AP_Cz_CN,-8.2212,-1.7855,6.4357,-8.2483,1.124,-2.936600000000002,0.2074,-0.09866,4e-05,0.02710000000000079,2.9095000000000004,,,,
5AP_Cz_Me,-8.0626,-1.1873,6.875299999999999,-8.1423,1.9652,-3.2322000000000006,0.215,-0.094479,1.7e-05,0.07970000000000077,3.1525,,,,
5AP_Cz_OMe,-7.9851,-0.5513,7.4338,-8.1135,2.1163,-2.7960000000000003,0.2259,-0.088483,0.000584,0.12840000000000007,2.6675999999999997,,,,
5AP_Cz_Ph,-7.9851,-1.1589,6.8262,-8.106,1.6454,-2.9252,0.2006,-0.1024,4e-05,0.12089999999999979,2.8043,,,,
5AP_CF3_CN,-10.3471,-2.2623,8.0848,-10.5419,0.4379,-2.8950000000000014,0.2049,-0.100035,1.6e-05,0.19480000000000075,2.7002,,,,
5AP_CF3_Me,-9.7651,-1.6203,8.1448,-10.0165,1.4186,-3.2903,0.2088,-0.09789,2.4e-05,0.2514000000000003,3.0389,,,,
5AP_CF3_OMe,-9.4923,-1.5669,7.9254,-9.8962,1.5891,-3.559899999999999,0.2032,-0.10097,1.8e-05,0.40390000000000015,3.1559999999999997,,,,
5AP_CF3_Ph,-9.1121,-1.676,7.4361,-9.6821,1.2345,-3.480500000000001,0.2089,-0.097835,2.4e-05,0.5700000000000003,2.9105,,,,
5AP_CN_Me,-9.7296,-1.7533,7.976299999999999,-10.1347,1.1651,-3.323500000000001,0.2017,-0.101795,1.8e-05,0.4051000000000009,2.9184,,,,
5AP_CN_OMe,-9.465,-1.712,7.753,-10.0713,1.3816,-3.699900000000001,0.1932,-0.106471,1.4e-05,0.606300000000001,3.0936,,,,
5AP_CN_Ph,-9.0301,-1.7621,7.267999999999999,-9.7803,0.9019,-3.414200000000001,0.2004,-0.10251,1.9e-05,0.7502000000000013,2.664,,,,
5AP_Me_OMe,-8.8553,-0.8288,8.0265,-9.6622,2.2626,-3.8983000000000008,0.2055,-0.099705,2.3e-05,0.8069000000000006,3.0914,,,,
5AP_Me_Ph,-8.7069,-1.1181,7.588799999999999,-9.4771,1.865,-3.753300000000001,0.2045,-0.100255,2.6e-05,0.7702000000000009,2.9831000000000003,,,,
5AP_OMe_Ph,-8.3854,-0.971,7.4144000000000005,-9.4451,1.8954,-3.9261,0.1929,-0.106636,4.4e-05,1.0596999999999994,2.8664,,,,
5AP_NMe2_mono_A,-8.2524,-0.6378,7.614599999999999,-9.5488,2.5464,-4.480600000000001,0.2258,-0.088538,3.2e-05,1.2964000000000002,3.1842,,,,
5AP_NEt2_mono_A,-8.2107,-0.5917,7.618999999999999,-9.5329,2.5406,-4.4545,0.2275,-0.087603,3.4e-05,1.3222000000000005,3.1323,,,,
5AP_NPh2_mono_A,-7.8319,-0.7787,7.0532,-9.3489,2.1727,-4.4684,0.2158,-0.094039,0.000107,1.5170000000000003,2.9513999999999996,,,,
5AP_Cz_mono_A,-8.0712,-1.1924,6.878799999999999,-8.2227,1.8641,-3.208,0.2068,-0.09899,3.7e-05,0.1515000000000004,3.0564999999999998,,,,
5AP_CF3_mono_A,-10.0494,-1.8208,8.2286,-10.1588,1.3246,-3.2547999999999995,0.2107,-0.096845,2.3e-05,0.10939999999999905,3.1454,,,,
5AP_CN_mono_A,-9.9551,-1.899,8.0561,-10.2676,1.0194,-3.2309,0.2064,-0.09921,1.8e-05,0.3125,2.9184,,,,
5AP_Me_mono_A,-9.3138,-1.1442,8.1696,-9.6741,1.9794,-3.4838999999999984,0.2086,-0.098,3.1e-05,0.36029999999999873,3.1236,,,,
5AP_OMe_mono_A,-9.0661,-1.0763,7.989800000000001,-9.6456,2.1169,-3.772699999999999,0.206,-0.09943,2.3e-05,0.5794999999999995,3.1932,,,,
5AP_Ph_mono_A,-8.6057,-1.2235,7.382200000000001,-9.6428,1.5492,-3.809799999999999,0.1989,-0.103336,2.3e-05,1.0370999999999988,2.7727,,,,
DABNA-1,-6.8027,1.1362,7.9389,-7.5403,2.158,-1.7594000000000012,0.3446,-0.023188,0.000988,0.7376000000000005,1.0217999999999998,,,,
tBu-DABNA,-6.7376,1.1842,7.921799999999999,-7.4518,2.2166,-1.7466000000000017,0.3417,-0.024784,0.001263,0.7142000000000008,1.0324000000000002,,,,
v-DABNA,-6.8897,1.0804,7.9701,-7.453,2.2153,-1.6982000000000008,0.4158,0.015978,0.002468,0.5632999999999999,1.1349,,,,
Cz-BN,-7.6004,1.7562,9.3566,-7.7651,2.483,-0.8915000000000015,0.5342,0.081108,0.010931,0.16470000000000073,0.7268000000000001,,,,
TPBD-NPh2,,,,,,,0.1606,-0.124404,0.014138,,,,,,
BCz3,,,,,,,0.0583,-0.180677,0.399722,,,,,,
CzBN-lin,-7.426,0.6463,8.0723,-7.7086,2.2496,-1.8859,0.2792,-0.059164,0.013177,0.2825999999999995,1.6033,,,,
POZ-BN,-7.1103,1.2304,8.3407,-7.1372,2.7454,-1.541900000000001,-0.1946,-0.319794,0.012509,0.026900000000000368,1.5150000000000001,,,,
BN-naph,-6.7014,0.6864,7.3877999999999995,-7.7991,2.2817,-2.6930000000000014,-0.5398,-0.509683,0.000704,1.0977000000000006,1.5953,,,,
BN-CF3,-7.0644,0.8063,7.8707,-7.4445,1.9348,-1.5086000000000004,0.0872,-0.16478,0.280766,0.38009999999999966,1.1285,,,,
Lit_7AP,,,,,,,,-0.045,0.0,,,,,,
Lit_Hz_core,,,,,,,,0.25,0.0,,,,,,
O23_AMEPOS,,,,,,,,0.6717940599999999,,,,,,,
O23_ASOPEF,,,,,,,,1.866874046,,,,,,,
O23_AREGOV,,,,,,,,1.290962565,,,,,,,
O23_AREGIP,,,,,,,,1.243168137,,,,,,,
O23_BDTOLE14,,,,,,,,1.375720227,,,,,,,
O23_BIRKIW,,,,,,,,1.28373222,,,,,,,
O23_BONJIY,,,,,,,,1.161939377,,,,,,,
O23_BOVMAA,,,,,,,,0.8369501509999999,,,,,,,
O23_BOTSAF,,,,,,,,1.4002598789999996,,,,,,,
O23_BOTRUY,,,,,,,,1.3998006579999998,,,,,,,
O23_CEFYAO,,,,,,,,1.511094743,,,,,,,
O23_CEFXOB,,,,,,,,1.4696944999999997,,,,,,,
O23_CAVJUF,,,,,,,,1.3311520889999997,,,,,,,
O23_CAKLAE,,,,,,,,1.570586789,,,,,,,
O23_CABROO,,,,,,,,0.2611236259999998,,,,,,,
O23_CIMZON11,,,,,,,,1.4821826310000006,,,,,,,
O23_CIKSEU,,,,,,,,-0.0243863519999998,,,,,,,
O23_COLDEM,,,,,,,,-0.4286047149999999,,,,,,,
O23_DAMNOV,,,,,,,,0.3300424429999999,,,,,,,
O23_DECCIY,,,,,,,,1.2909190380000002,,,,,,,
O23_DATMAN,,,,,,,,0.2683403579999996,,,,,,,
O23_DASBAB,,,,,,,,0.2600838730000001,,,,,,,
O23_DERTOJ,,,,,,,,0.930989309,,,,,,,
O23_DERTID,,,,,,,,1.2977815,,,,,,,
O23_DENDIJ,,,,,,,,0.132130025,,,,,,,
O23_DOZBUS,,,,,,,,1.3561494169999997,,,,,,,
O23_DOZBOM,,,,,,,,1.5417602109999995,,,,,,,
O23_EPIZAF,,,,,,,,1.323504087,,,,,,,
O23_EKAVIV,,,,,,,,0.2762631729999998,,,,,,,
O23_ESEDEM,,,,,,,,0.1802588829999996,,,,,,,
O23_FAZJAR,,,,,,,,1.2927876960000004,,,,,,,
O23_FENYIG,,,,,,,,0.2870997289999999,,,,,,,
O23_FILXON,,,,,,,,0.0942946210000001,,,,,,,
O23_FOZQOA,,,,,,,,1.3465790640000002,,,,,,,
O23_GAFYES,,,,,,,,1.453234171,,,,,,,
O23_GEBTEO,,,,,,,,1.2257712910000005,,,,,,,
O23_GIKNIZ,,,,,,,,0.3424487679999997,,,,,,,
O23_GEYHUN,,,,,,,,1.4990985939999997,,,,,,,
O23_GEYHIB,,,,,,,,1.495525587,,,,,,,
O23_HALBAA,,,,,,,,1.562389849,,,,,,,
O23_HICRUI,,,,,,,,0.2186766350000004,,,,,,,
O23_HODZAD,,,,,,,,1.0978700779999997,,,,,,,
O23_HOBMIU,,,,,,,,0.3970866349999999,,,,,,,
O23_HOKGEW,,,,,,,,0.2532850120000001,,,,,,,
O23_HURXOH,,,,,,,,0.957925329,,,,,,,
O23_ICILUB,,,,,,,,1.3292672119999995,,,,,,,
O23_ILEXAY,,,,,,,,0.4466745040000002,,,,,,,
O23_IZAPUV,,,,,,,,1.2701241849999998,,,,,,,
O23_JECTEQ,,,,,,,,1.190468091,,,,,,,
O23_JAYQUV,,,,,,,,1.1933237049999996,,,,,,,
O23_IZAQAC,,,,,,,,1.3001403319999998,,,,,,,
O23_JIYHIJ,,,,,,,,1.2372504540000002,,,,,,,
O23_JEGBIG,,,,,,,,0.9037536359999998,,,,,,,
O23_JIYHOP,,,,,,,,0.951360426,,,,,,,
O23_KIXSOZ,,,,,,,,0.0664546789999999,,,,,,,
O23_KIVDAV,,,,,,,,1.354339875,,,,,,,
O23_KOZNAQ,,,,,,,,1.3378445010000002,,,,,,,
O23_KOZMUJ,,,,,,,,0.296013227,,,,,,,
O23_KOYMOC,,,,,,,,1.646632791,,,,,,,
O23_KOYMES,,,,,,,,1.1623116039999997,,,,,,,
O23_KUWVAB,,,,,,,,1.0932991,,,,,,,
O23_LAXVIQ01,,,,,,,,0.2935380620000001,,,,,,,
O23_LEXBAR,,,,,,,,1.4297667499999998,,,,,,,
O23_LEWZUI,,,,,,,,1.348546642,,,,,,,
O23_LOSBIE01,,,,,,,,0.9355898920000004,,,,,,,
O23_LOCZAH,,,,,,,,1.037059505,,,,,,,
O23_LIWDAY,,,,,,,,1.4272586069999995,,,,,,,
O23_MTCMTZ,,,,,,,,0.096574925,,,,,,,
O23_MPCAZU,,,,,,,,-0.01264394,,,,,,,
O23_MOXBEJ,,,,,,,,0.2787356719999998,,,,,,,
O23_MUXLAS,,,,,,,,1.0133711820000002,,,,,,,
O23_NAGYOK,,,,,,,,0.2864058759999999,,,,,,,
O23_NEFQEW,,,,,,,,1.3612010920000004,,,,,,,
O23_NOCMEX,,,,,,,,1.0704146769999996,,,,,,,
O23_NIRYUI,,,,,,,,0.465137157,,,,,,,
O23_NIGVAB,,,,,,,,1.5341273849999997,,,,,,,
O23_NUNPOB,,,,,,,,1.2965471400000004,,,,,,,
O23_OCUFID,,,,,,,,1.405073647,,,,,,,
O23_NUSZIM,,,,,,,,1.2426357229999998,,,,,,,
O23_OHPRDC,,,,,,,,0.1408963320000003,,,,,,,
O23_PAVBIY,,,,,,,,1.4372605900000002,,,,,,,
O23_PAVBEU01,,,,,,,,1.33287312,,,,,,,
O23_PATZUG,,,,,,,,1.3249785160000005,,,,,,,
O23_PEMBEO,,,,,,,,1.2630952720000002,,,,,,,
O23_PELJOG,,,,,,,,0.1501990609999999,,,,,,,
O23_PEKGAN,,,,,,,,1.3993342779999995,,,,,,,
O23_PEHYIK,,,,,,,,0.2986604390000003,,,,,,,
O23_PEGHEQ,,,,,,,,1.2295175390000002,,,,,,,
O23_PAZHUT,,,,,,,,1.3293413150000002,,,,,,,
O23_PENHEP10,,,,,,,,0.1711385109999999,,,,,,,
O23_PITCTZ10,,,,,,,,0.0961347030000001,,,,,,,
O23_PILFEV,,,,,,,,0.4347272919999998,,,,,,,
O23_POKPAG,,,,,,,,1.5512992959999998,,,,,,,
O23_POKNUY,,,,,,,,1.260317616,,,,,,,
O23_PIYMUI,,,,,,,,1.4690811030000002,,,,,,,
O23_PSBTTP,,,,,,,,0.198650132,,,,,,,
O23_PUTZIP,,,,,,,,1.074687129,,,,,,,
O23_QIGMIC,,,,,,,,0.7007601990000003,,,,,,,
O23_RIFMAU,,,,,,,,1.106014659,,,,,,,
O23_RUDNOT02,,,,,,,,1.1722675800000002,,,,,,,
O23_SAFSIB,,,,,,,,1.2284129840000002,,,,,,,
O23_RUYSUZ,,,,,,,,0.207946476,,,,,,,
O23_RUTLUO,,,,,,,,1.500258271,,,,,,,
O23_SEDPIA01,,,,,,,,1.464364003,,,,,,,
O23_SATQAG,,,,,,,,1.491789914,,,,,,,
O23_SIBGOZ,,,,,,,,1.4797760960000002,,,,,,,
O23_SORGUD,,,,,,,,1.011839938,,,,,,,
O23_SODWOX10,,,,,,,,1.011597121,,,,,,,
O23_TBPMTK10,,,,,,,,0.0579311209999997,,,,,,,
O23_SUVFAR,,,,,,,,1.364866148,,,,,,,
O23_TEJQIJ,,,,,,,,1.4761874290000003,,,,,,,
O23_TMBDSE,,,,,,,,0.2403668489999999,,,,,,,
O23_TUHDUV,,,,,,,,1.3673596479999994,,,,,,,
O23_TSEFUL01,,,,,,,,0.6234896509999999,,,,,,,
O23_VARVUF,,,,,,,,0.7076974740000002,,,,,,,
O23_VENQOV,,,,,,,,1.2354482890000005,,,,,,,
O23_VUKQAU,,,,,,,,1.3537163160000003,,,,,,,
O23_WATKIL,,,,,,,,1.5087909469999996,,,,,,,
O23_WIKDOJ,,,,,,,,1.4067913990000005,,,,,,,
O23_WIDTIM,,,,,,,,0.118659512,,,,,,,
O23_WOKMUG01,,,,,,,,1.3111758139999998,,,,,,,
O23_WUKJET,,,,,,,,1.3067673659999994,,,,,,,
O23_WUKHUH,,,,,,,,1.235325678,,,,,,,
O23_WUKHOB,,,,,,,,1.5844105059999998,,,,,,,
O23_WUKHIV,,,,,,,,1.302659095,,,,,,,
O23_WUKHER,,,,,,,,1.0272277819999998,,,,,,,
O23_WUJTIG,,,,,,,,1.3259647449999998,,,,,,,
O23_WUSCET,,,,,,,,1.3295944229999996,,,,,,,
O23_WUSCAP,,,,,,,,1.514649156,,,,,,,
O23_XEDWOS,,,,,,,,1.4717572890000006,,,,,,,
O23_XEDWEI,,,,,,,,1.22162681,,,,,,,
O23_XARHEE,,,,,,,,1.4466926730000005,,,,,,,
O23_XIJCIE,,,,,,,,0.0724841120000001,,,,,,,
O23_XEYYAB,,,,,,,,1.20527782,,,,,,,
O23_YEMSUH,,,,,,,,1.547452194,,,,,,,
O23_ZICGAT,,,,,,,,1.2626956469999997,,,,,,,
O23_ZOXRIN,,,,,,,,2.771099211,,,,,,,
O23_ZOVCIW,,,,,,,,1.3932986950000004,,,,,,,
O23_ZOLRUN,,,,,,,,1.3011071860000003,,,,,,,
O23_ZINC000013602104,,,,,,,,-0.3322000000000003,,,,,,,
O23_ZINC000095863262,,,,,,,,1.3694999999999995,,,,,,,
O23_ZINC000144219012,,,,,,,,0.2158000000000002,,,,,,,
O23_ZINC000001587193,,,,,,,,0.0089999999999998,,,,,,,
O23_ZINC000001688055,,,,,,,,0.7581000000000002,,,,,,,
O23_ZINC000001685949,,,,,,,,0.8500000000000001,,,,,,,
O23_ZINC000001636581,,,,,,,,0.2153,,,,,,,
O23_ZINC000002913469,,,,,,,,0.168,,,,,,,
O23_ZINC000003163924,,,,,,,,0.1477999999999999,,,,,,,
O23_ABTBTR,,,,,,,,0.005218932,,,,,,,
O23_ABAROL,,,,,,,,1.2885665329999996,,,,,,,
